-- Insertar datos en la tabla Rol
INSERT INTO Rol (id, nombre) VALUES 
(1, 'cliente'),
(2, 'administrador');

-- Insertar datos en la tabla Pago
INSERT INTO Pago (id, nombre) VALUES 
(1, 'QR'),
(2, 'Tarjeta de Credito'),
(3, 'Tarjeta de Debito'),
(4, 'Tarjeta de Regalo');

-- Insertar datos en la tabla EstadoCliente
INSERT INTO EstadoCliente (id, nombre) VALUES 
(1, 'Activo'),
(2, 'Inactivo');

-- Insertar datos en la tabla EstadoProducto
INSERT INTO EstadoProducto (id, nombre) VALUES 
(1, 'Activo'),
(2, 'Inactivo');

-- Insertar datos en la tabla Pais
INSERT INTO Pais (id, nombre) VALUES 
(1, 'Peru'),
(2, 'Bolivia');

-- Insertar datos en la tabla EstadoOrden
INSERT INTO EstadoOrden (id, nombre) VALUES 
(1, 'Pendiente'),
(2, 'Por Enviar'),
(3, 'Entregado');

-- Insertar datos en la tabla Coleccion
INSERT INTO Coleccion (id, nombre) VALUES 
(1, 'Ninguno'),
(2, 'Verano'),
(3, 'Invierno');

-- Insertar datos en la tabla Categoria
INSERT INTO Categoria (id, nombre) VALUES 
(1, 'Ninguno'),
(2, 'Pulseras'),
(3, 'Zapatillas');

-- Insertar datos en la tabla Serie
INSERT INTO Serie (id, nombre) VALUES 
(1, 'Ninguno'),
(2, 'Estreno'),
(3, 'Outlet');

-- Insertar datos en la tabla Envio
INSERT INTO Envio (id, nombre, precio) VALUES 
(1, 'Economico Aereo', 10.00),
(2, 'Envio Prioritario (5 a 10 dias)', 17.00);

-- Clases dependientes 6 de 20
-- Insertar datos en la tabla Departamento
INSERT INTO Departamento (id, id_pais, nombre) VALUES 
(1, 1, 'Amazonas'),
(2, 1, 'Ancash'),
(3, 1, 'Apurimac'),
(4, 1, 'Arequipa'),
(5, 1, 'Ayacucho'),
(6, 1, 'Cajamarca'),
(7, 1, 'Callao'),
(8, 1, 'Cusco'),
(9, 1, 'Huancavelica'),
(10, 1, 'Huanuco'),
(11, 1, 'Ica'),
(12, 1, 'Junin'),
(13, 1, 'La Libertad'),
(14, 1, 'Lambayeque'),
(15, 1, 'Lima'),
(16, 1, 'Loreto'),
(17, 1, 'Madre de Dios'),
(18, 1, 'Moquegua'),
(19, 1, 'Pasco'),
(20, 1, 'Piura'),
(21, 1, 'Puno'),
(22, 1, 'San Martin'),
(23, 1, 'Tacna'),
(24, 1, 'Tumbes'),
(25, 1, 'Ucayali');

-- Insertar datos en la tabla Provincia
INSERT INTO Provincia (id, id_departamento, nombre) VALUES 
(1, 1, 'Chachapoyas'),
(2, 1, 'Bagua'),
(3, 1, 'Bongara'),
(4, 1, 'Condorcanqui'),
(5, 1, 'Luya'),
(6, 1, 'Rodriguez de Mendoza'),
(7, 1, 'Utcubamba'),
(8, 2, 'Huaraz'),
(9, 2, 'Aija'),
(10, 2, 'Antonio Raymondi'),
(11, 2, 'Asuncion'),
(12, 2, 'Bolognesi'),
(13, 2, 'Carhuaz'),
(14, 2, 'Carlos Fermin Fitzcarrald'),
(15, 2, 'Casma'),
(16, 2, 'Corongo'),
(17, 2, 'Huari'),
(18, 2, 'Huarmey'),
(19, 2, 'Huaylas'),
(20, 2, 'Mariscal Luzuriaga'),
(21, 2, 'Ocros'),
(22, 2, 'Pallasca'),
(23, 2, 'Pomabamba'),
(24, 2, 'Recuay'),
(25, 2, 'Santa'),
(26, 2, 'Sihuas'),
(27, 2, 'Yungay'),
(28, 3, 'Abancay'),
(29, 3, 'Andahuaylas'),
(30, 3, 'Antabamba'),
(31, 3, 'Aymaraes'),
(32, 3, 'Cotabambas'),
(33, 3, 'Chincheros'),
(34, 3, 'Grau'),
(35, 4, 'Arequipa'),
(36, 4, 'Camana'),
(37, 4, 'Caraveli'),
(38, 4, 'Castilla'),
(39, 4, 'Caylloma'),
(40, 4, 'Condesuyos'),
(41, 4, 'Islay'),
(42, 4, 'La Union'),
(43, 5, 'Huamanga'),
(44, 5, 'Cangallo'),
(45, 5, 'Huanca Sancos'),
(46, 5, 'Huanta'),
(47, 5, 'La Mar'),
(48, 5, 'Lucanas'),
(49, 5, 'Parinacochas'),
(50, 5, 'Paucar del Sara Sara'),
(51, 5, 'Sucre'),
(52, 5, 'Victor Fajardo'),
(53, 5, 'Vilcas Huaman'),
(54, 6, 'Cajamarca'),
(55, 6, 'Cajabamba'),
(56, 6, 'Celendin'),
(57, 6, 'Chota'),
(58, 6, 'Contumaza'),
(59, 6, 'Cutervo'),
(60, 6, 'Hualgayoc'),
(61, 6, 'Jaen'),
(62, 6, 'San Ignacio'),
(63, 6, 'San Marcos'),
(64, 6, 'San Miguel'),
(65, 6, 'San Pablo'),
(66, 6, 'Santa Cruz'),
(67, 7, 'Prov. Const. del Callao'),
(68, 8, 'Cusco'),
(69, 8, 'Acomayo'),
(70, 8, 'Anta'),
(71, 8, 'Calca'),
(72, 8, 'Canas'),
(73, 8, 'Canchis'),
(74, 8, 'Chumbivilcas'),
(75, 8, 'Espinar'),
(76, 8, 'La Convencion'),
(77, 8, 'Paruro'),
(78, 8, 'Paucartambo'),
(79, 8, 'Quispicanchi'),
(80, 8, 'Urubamba'),
(81, 9, 'Huancavelica'),
(82, 9, 'Acobamba'),
(83, 9, 'Angaraes'),
(84, 9, 'Castrovirreyna'),
(85, 9, 'Churcampa'),
(86, 9, 'Huaytara'),
(87, 9, 'Tayacaja'),
(88, 10, 'Huanuco'),
(89, 10, 'Ambo'),
(90, 10, 'Dos de Mayo'),
(91, 10, 'Huacaybamba'),
(92, 10, 'Huamalies'),
(93, 10, 'Leoncio Prado'),
(94, 10, 'Marañon'),
(95, 10, 'Pachitea'),
(96, 10, 'Puerto Inca'),
(97, 10, 'Lauricocha'),
(98, 10, 'Yarowilca'),
(99, 11, 'Ica'),
(100, 11, 'Chincha'),
(101, 11, 'Nasca'),
(102, 11, 'Palpa'),
(103, 11, 'Pisco'),
(104, 12, 'Huancayo'),
(105, 12, 'Concepcion'),
(106, 12, 'Chanchamayo'),
(107, 12, 'Jauja'),
(108, 12, 'Junin'),
(109, 12, 'Satipo'),
(110, 12, 'Tarma'),
(111, 12, 'Yauli'),
(112, 12, 'Chupaca'),
(113, 13, 'Trujillo'),
(114, 13, 'Ascope'),
(115, 13, 'Bolivar'),
(116, 13, 'Chepen'),
(117, 13, 'Julcan'),
(118, 13, 'Otuzco'),
(119, 13, 'Pacasmayo'),
(120, 13, 'Pataz'),
(121, 13, 'Sanchez Carrion'),
(122, 13, 'Santiago de Chuco'),
(123, 13, 'Gran Chimu'),
(124, 13, 'Viru'),
(125, 14, 'Chiclayo'),
(126, 14, 'Ferreñafe'),
(127, 14, 'Lambayeque'),
(128, 15, 'Lima'),
(129, 15, 'Barranca'),
(130, 15, 'Cajatambo'),
(131, 15, 'Canta'),
(132, 15, 'Cañete'),
(133, 15, 'Huaral'),
(134, 15, 'Huarochiri'),
(135, 15, 'Huaura'),
(136, 15, 'Oyon'),
(137, 15, 'Yauyos'),
(138, 16, 'Maynas'),
(139, 16, 'Alto Amazonas'),
(140, 16, 'Loreto'),
(141, 16, 'Mariscal Ramon Castilla'),
(142, 16, 'Requena'),
(143, 16, 'Ucayali'),
(144, 16, 'Datem del Marañon'),
(145, 16, 'Putumayo'),
(146, 17, 'Tambopata'),
(147, 17, 'Manu'),
(148, 17, 'Tahuamanu'),
(149, 18, 'Mariscal Nieto'),
(150, 18, 'General Sanchez Cerro'),
(151, 18, 'Ilo'),
(152, 19, 'Pasco'),
(153, 19, 'Daniel Alcides Carrion'),
(154, 19, 'Oxapampa'),
(155, 20, 'Piura'),
(156, 20, 'Ayabaca'),
(157, 20, 'Huancabamba'),
(158, 20, 'Morropon'),
(159, 20, 'Paita'),
(160, 20, 'Sullana'),
(161, 20, 'Talara'),
(162, 20, 'Sechura'),
(163, 21, 'Puno'),
(164, 21, 'Azangaro'),
(165, 21, 'Carabaya'),
(166, 21, 'Chucuito'),
(167, 21, 'El Collao'),
(168, 21, 'Huancane'),
(169, 21, 'Lampa'),
(170, 21, 'Melgar'),
(171, 21, 'Moho'),
(172, 21, 'San Antonio de Putina'),
(173, 21, 'San Roman'),
(174, 21, 'Sandia'),
(175, 21, 'Yunguyo'),
(176, 22, 'Moyobamba'),
(177, 22, 'Bellavista'),
(178, 22, 'El Dorado'),
(179, 22, 'Huallaga'),
(180, 22, 'Lamas'),
(181, 22, 'Mariscal Caceres'),
(182, 22, 'Picota'),
(183, 22, 'Rioja'),
(184, 22, 'San Martin'),
(185, 22, 'Tocache'),
(186, 23, 'Tacna'),
(187, 23, 'Candarave'),
(188, 23, 'Jorge Basadre'),
(189, 23, 'Tarata'),
(190, 24, 'Tumbes'),
(191, 24, 'Contralmirante Villar'),
(192, 24, 'Zarumilla'),
(193, 25, 'Coronel Portillo'),
(194, 25, 'Atalaya'),
(195, 25, 'Padre Abad'),
(196, 25, 'Purus');

-- Insertar datos en la tabla Distrito
INSERT INTO Distrito (id, id_provincia, nombre) VALUES 
(1, 1,  'Chachapoyas'),
(2, 1,  'Asunción'),
(3, 1,  'Balsas'),
(4, 1,  'Cheto'),
(5, 1,  'Chiliquin'),
(6, 1,  'Chuquibamba'),
(7, 1,  'Granada'),
(8, 1,  'Huancas'),
(9, 1,  'La Jalca'),
(10, 1,  'Leimebamba'),
(11, 1,  'Levanto'),
(12, 1, 'Magdalena'),
(13, 1, 'Mariscal Castilla'),
(14, 1, 'Molinopampa'),
(15, 1, 'Montevideo'),
(16, 1, 'Olleros'),
(17, 1, 'Quinjalca'),
(18, 1, 'San Francisco de Daguas'),
(19, 1, 'San Isidro de Maino'),
(20, 1, 'Soloco'),
(21, 1, 'Sonche'),
(22, 2, 'Bagua'),
(23, 2, 'Aramango'),
(24, 2, 'Copallin'),
(25, 2, 'El Parco'),
(26, 2, 'Imaza'),
(27, 2, 'La Peca'),
(28, 3, 'Jumbilla'),
(29, 3, 'Chisquilla'),
(30, 3, 'Churuja'),
(31, 3, 'Corosha'),
(32, 3, 'Cuispes'),
(33, 3, 'Florida'),
(34, 3, 'Jazan'),
(35, 3, 'Recta'),
(36, 3, 'San Carlos'),
(37, 3, 'Shipasbamba'),
(38, 3, 'Valera'),
(39, 3, 'Yambrasbamba'),
(40, 4, 'Nieva'),
(41, 4, 'El Cenepa'),
(42, 4, 'Río Santiago'),
(43, 5, 'Lamud'),
(44, 5, 'Camporredondo'),
(45, 5, 'Cocabamba'),
(46, 5, 'Colcamar'),
(47, 5, 'Conila'),
(48, 5, 'Inguilpata'),
(49, 5, 'Longuita'),
(50, 5, 'Lonya Chico'),
(51, 5, 'Luya'),
(52, 5, 'Luya Viejo'),
(53, 5, 'María'),
(54, 5, 'Ocalli'),
(55, 5, 'Ocumal'),
(56, 5, 'Pisuquia'),
(57, 5, 'Providencia'),
(58, 5, 'San Cristóbal'),
(59, 5, 'San Francisco de Yeso'),
(60, 5, 'San Jerónimo'),
(61, 5, 'San Juan de Lopecancha'),
(62, 5, 'Santa Catalina'),
(63, 5, 'Santo Tomas'),
(64, 5, 'Tingo'),
(65, 5, 'Trita'),
(66, 6, 'San Nicolás'),
(67, 6, 'Chirimoto'),
(68, 6, 'Cochamal'),
(69, 6, 'Huambo'),
(70, 6, 'Limabamba'),
(71, 6, 'Longar'),
(72, 6, 'Mariscal Benavides'),
(73, 6, 'Milpuc'),
(74, 6, 'Omia'),
(75, 6, 'Santa Rosa'),
(76, 6, 'Totora'),
(77, 6, 'Vista Alegre'),
(78, 7, 'Bagua Grande'),
(79, 7, 'Cajaruro'),
(80, 7, 'Cumba'),
(81, 7, 'El Milagro'),
(82, 7, 'Jamalca'),
(83, 7, 'Lonya Grande'),
(84, 7, 'Yamon'),
(85, 8, 'Huaraz'),
(86, 8, 'Cochabamba'),
(87, 8, 'Colcabamba'),
(88, 8, 'Huanchay'),
(89, 8, 'Independencia'),
(90, 8, 'Jangas'),
(91, 8, 'La Libertad'),
(92, 8, 'Olleros'),
(93, 8, 'Pampas Grande'),
(94, 8, 'Pariacoto'),
(95, 8, 'Pira'),
(96, 8, 'Tarica'),
(97, 9, 'Aija'),
(98, 9, 'Coris'),
(99, 9, 'Huacllan'),
(100, 9, 'La Merced'),
(101, 9, 'Succha'),
(102, 10, 'Llamellin'),
(103, 10, 'Aczo'),
(104, 10, 'Chaccho'),
(105, 10, 'Chingas'),
(106, 10, 'Mirgas'),
(107, 10, 'San Juan de Rontoy'),
(108, 11, 'Chacas'),
(109, 11, 'Acochaca'),
(110, 12, 'Chiquian'),
(111, 12, 'Abelardo Pardo Lezameta'),
(112, 12, 'Antonio Raymondi'),
(113, 12, 'Aquia'),
(114, 12, 'Cajacay'),
(115, 12, 'Canis'),
(116, 12, 'Colquioc'),
(117, 12, 'Huallanca'),
(118, 12, 'Huasta'),
(119, 12, 'Huayllacayan'),
(120, 12, 'La Primavera'),
(121, 12, 'Mangas'),
(122, 12, 'Pacllon'),
(123, 12, 'San Miguel de Corpanqui'),
(124, 12, 'Ticllos'),
(125, 13, 'Carhuaz'),
(126, 13, 'Acopampa'),
(127, 13, 'Amashca'),
(128, 13, 'Anta'),
(129, 13, 'Ataquero'),
(130, 13, 'Marcara'),
(131, 13, 'Pariahuanca'),
(132, 13, 'San Miguel de Aco'),
(133, 13, 'Shilla'),
(134, 13, 'Tinco'),
(135, 13, 'Yungar'),
(136, 14, 'San Luis'),
(137, 14, 'San Nicolás'),
(138, 14, 'Yauya'),
(139, 15, 'Casma'),
(140, 15, 'Buena Vista Alta'),
(141, 15, 'Comandante Noel'),
(142, 15, 'Yautan'),
(143, 16, 'Corongo'),
(144, 16, 'Aco'),
(145, 16, 'Bambas'),
(146, 16, 'Cusca'),
(147, 16, 'La Pampa'),
(148, 16, 'Yanac'),
(149, 16, 'Yupan'),
(150, 17, 'Huari'),
(151, 17, 'Anra'),
(152, 17, 'Cajay'),
(153, 17, 'Chavin de Huantar'),
(154, 17, 'Huacachi'),
(155, 17, 'Huacchis'),
(156, 17, 'Huachis'),
(157, 17, 'Huantar'),
(158, 17, 'Masin'),
(159, 17, 'Paucas'),
(160, 17, 'Ponto'),
(161, 17, 'Rahuapampa'),
(162, 17, 'Rapayan'),
(163, 17, 'San Marcos'),
(164, 17, 'San Pedro de Chana'),
(165, 17, 'Uco'),
(166, 18, 'Huarmey'),
(167, 18, 'Cochapeti'),
(168, 18, 'Culebras'),
(169, 18, 'Huayan'),
(170, 18, 'Malvas'),
(171, 19, 'Caraz'),
(172, 19, 'Huallanca'),
(173, 19, 'Huata'),
(174, 19, 'Huaylas'),
(175, 19, 'Mato'),
(176, 19, 'Pamparomas'),
(177, 19, 'Pueblo Libre'),
(178, 19, 'Santa Cruz'),
(179, 19, 'Santo Toribio'),
(180, 19, 'Yuracmarca'),
(181, 20, 'Piscobamba'),
(182, 20, 'Casca'),
(183, 20, 'Eleazar Guzmán Barron'),
(184, 20, 'Fidel Olivas Escudero'),
(185, 20, 'Llama'),
(186, 20, 'Llumpa'),
(187, 20, 'Lucma'),
(188, 20, 'Musga'),
(189, 21, 'Ocros'),
(190, 21, 'Acas'),
(191, 21, 'Cajamarquilla'),
(192, 21, 'Carhuapampa'),
(193, 21, 'Cochas'),
(194, 21, 'Congas'),
(195, 21, 'Llipa'),
(196, 21, 'San Cristóbal de Rajan'),
(197, 21, 'San Pedro'),
(198, 21, 'Santiago de Chilcas'),
(199, 22, 'Cabana'),
(200, 22, 'Bolognesi'),
(201, 22, 'Conchucos'),
(202, 22, 'Huacaschuque'),
(203, 22, 'Huandoval'),
(204, 22, 'Lacabamba'),
(205, 22, 'Llapo'),
(206, 22, 'Pallasca'),
(207, 22, 'Pampas'),
(208, 22, 'Santa Rosa'),
(209, 22, 'Tauca'),
(210, 23, 'Pomabamba'),
(211, 23, 'Huayllan'),
(212, 23, 'Parobamba'),
(213, 23, 'Quinuabamba'),
(214, 24, 'Recuay'),
(215, 24, 'Catac'),
(216, 24, 'Cotaparaco'),
(217, 24, 'Huayllapampa'),
(218, 24, 'Llacllin'),
(219, 24, 'Marca'),
(220, 24, 'Pampas Chico'),
(221, 24, 'Pararin'),
(222, 24, 'Tapacocha'),
(223, 24, 'Ticapampa'),
(224, 25, 'Chimbote'),
(225, 25, 'Cáceres del Perú'),
(226, 25, 'Coishco'),
(227, 25, 'Macate'),
(228, 25, 'Moro'),
(229, 25, 'Nepeña'),
(230, 25, 'Samanco'),
(231, 25, 'Santa'),
(232, 25, 'Nuevo Chimbote'),
(233, 26, 'Sihuas'),
(234, 26, 'Acobamba'),
(235, 26, 'Alfonso Ugarte'),
(236, 26, 'Cashapampa'),
(237, 26, 'Chingalpo'),
(238, 26, 'Huayllabamba'),
(239, 26, 'Quiches'),
(240, 26, 'Ragash'),
(241, 26, 'San Juan'),
(242, 26, 'Sicsibamba'),
(243, 27, 'Yungay'),
(244, 27, 'Cascapara'),
(245, 27, 'Mancos'),
(246, 27, 'Matacoto'),
(247, 27, 'Quillo'),
(248, 27, 'Ranrahirca'),
(249, 27, 'Shupluy'),
(250, 27, 'Yanama'),
(251, 28, 'Abancay'),
(252, 28, 'Chacoche'),
(253, 28, 'Circa'),
(254, 28, 'Curahuasi'),
(255, 28, 'Huanipaca'),
(256, 28, 'Lambrama'),
(257, 28, 'Pichirhua'),
(258, 28, 'San Pedro de Cachora'),
(259, 28, 'Tamburco'),
(260, 29, 'Andahuaylas'),
(261, 29, 'Andarapa'),
(262, 29, 'Chiara'),
(263, 29, 'Huancarama'),
(264, 29, 'Huancaray'),
(265, 29, 'Huayana'),
(266, 29, 'Kishuara'),
(267, 29, 'Pacobamba'),
(268, 29, 'Pacucha'),
(269, 29, 'Pampachiri'),
(270, 29, 'Pomacocha'),
(271, 29, 'San Antonio de Cachi'),
(272, 29, 'San Jerónimo'),
(273, 29, 'San Miguel de Chaccrampa'),
(274, 29, 'Santa María de Chicmo'),
(275, 29, 'Talavera'),
(276, 29, 'Tumay Huaraca'),
(277, 29, 'Turpo'),
(278, 29, 'Kaquiabamba'),
(279, 29, 'José María Arguedas'),
(280, 30, 'Antabamba'),
(281, 30, 'El Oro'),
(282, 30, 'Huaquirca'),
(283, 30, 'Juan Espinoza Medrano'),
(284, 30, 'Oropesa'),
(285, 30, 'Pachaconas'),
(286, 30, 'Sabaino'),
(287, 31, 'Chalhuanca'),
(288, 31, 'Capaya'),
(289, 31, 'Caraybamba'),
(290, 31, 'Chapimarca'),
(291, 31, 'Colcabamba'),
(292, 31, 'Cotaruse'),
(293, 31, 'Ihuayllo'),
(294, 31, 'Justo Apu Sahuaraura'),
(295, 31, 'Lucre'),
(296, 31, 'Pocohuanca'),
(297, 31, 'San Juan de Chacña'),
(298, 31, 'Sañayca'),
(299, 31, 'Soraya'),
(300, 31, 'Tapairihua'),
(301, 31, 'Tintay'),
(302, 31, 'Toraya'),
(303, 31, 'Yanaca'),
(304, 32, 'Tambobamba'),
(305, 32, 'Cotabambas'),
(306, 32, 'Coyllurqui'),
(307, 32, 'Haquira'),
(308, 32, 'Mara'),
(309, 32, 'Challhuahuacho'),
(310, 33, 'Chincheros'),
(311, 33, 'Anco_Huallo'),
(312, 33, 'Cocharcas'),
(313, 33, 'Huaccana'),
(314, 33, 'Ocobamba'),
(315, 33, 'Ongoy'),
(316, 33, 'Uranmarca'),
(317, 33, 'Ranracancha'),
(318, 33, 'Rocchacc'),
(319, 33, 'El Porvenir'),
(320, 33, 'Los Chankas'),
(321, 34, 'Chuquibambilla'),
(322, 34, 'Curpahuasi'),
(323, 34, 'Gamarra'),
(324, 34, 'Huayllati'),
(325, 34, 'Mamara'),
(326, 34, 'Micaela Bastidas'),
(327, 34, 'Pataypampa'),
(328, 34, 'Progreso'),
(329, 34, 'San Antonio'),
(330, 34, 'Santa Rosa'),
(331, 34, 'Turpay'),
(332, 34, 'Vilcabamba'),
(333, 34, 'Virundo'),
(334, 34, 'Curasco'),
(335, 35, 'Arequipa'),
(336, 35, 'Alto Selva Alegre'),
(337, 35, 'Cayma'),
(338, 35, 'Cerro Colorado'),
(339, 35, 'Characato'),
(340, 35, 'Chiguata'),
(341, 35, 'Jacobo Hunter'),
(342, 35, 'La Joya'),
(343, 35, 'Mariano Melgar'),
(344, 35, 'Miraflores'),
(345, 35, 'Mollebaya'),
(346, 35, 'Paucarpata'),
(347, 35, 'Pocsi'),
(348, 35, 'Polobaya'),
(349, 35, 'Quequeña'),
(350, 35, 'Sabandia'),
(351, 35, 'Sachaca'),
(352, 35, 'San Juan de Siguas'),
(353, 35, 'San Juan de Tarucani'),
(354, 35, 'Santa Isabel de Siguas'),
(355, 35, 'Santa Rita de Siguas'),
(356, 35, 'Socabaya'),
(357, 35, 'Tiabaya'),
(358, 35, 'Uchumayo'),
(359, 35, 'Vitor'),
(360, 35, 'Yanahuara'),
(361, 35, 'Yarabamba'),
(362, 35, 'Yura'),
(363, 35, 'José Luis Bustamante Y Rivero'),
(364, 36, 'Camaná'),
(365, 36, 'José María Quimper'),
(366, 36, 'Mariano Nicolás Valcárcel'),
(367, 36, 'Mariscal Cáceres'),
(368, 36, 'Nicolás de Pierola'),
(369, 36, 'Ocoña'),
(370, 36, 'Quilca'),
(371, 36, 'Samuel Pastor'),
(372, 37, 'Caravelí'),
(373, 37, 'Acarí'),
(374, 37, 'Atico'),
(375, 37, 'Atiquipa'),
(376, 37, 'Bella Unión'),
(377, 37, 'Cahuacho'),
(378, 37, 'Chala'),
(379, 37, 'Chaparra'),
(380, 37, 'Huanuhuanu'),
(381, 37, 'Jaqui'),
(382, 37, 'Lomas'),
(383, 37, 'Quicacha'),
(384, 37, 'Yauca'),
(385, 38, 'Aplao'),
(386, 38, 'Andagua'),
(387, 38, 'Ayo'),
(388, 38, 'Chachas'),
(389, 38, 'Chilcaymarca'),
(390, 38, 'Choco'),
(391, 38, 'Huancarqui'),
(392, 38, 'Machaguay'),
(393, 38, 'Orcopampa'),
(394, 38, 'Pampacolca'),
(395, 38, 'Tipan'),
(396, 38, 'Uñon'),
(397, 38, 'Uraca'),
(398, 38, 'Viraco'),
(399, 39, 'Chivay'),
(400, 39, 'Achoma'),
(401, 39, 'Cabanaconde'),
(402, 39, 'Callalli'),
(403, 39, 'Caylloma'),
(404, 39, 'Coporaque'),
(405, 39, 'Huambo'),
(406, 39, 'Huanca'),
(407, 39, 'Ichupampa'),
(408, 39, 'Lari'),
(409, 39, 'Lluta'),
(410, 39, 'Maca'),
(411, 39, 'Madrigal'),
(412, 39, 'San Antonio de Chuca'),
(413, 39, 'Sibayo'),
(414, 39, 'Tapay'),
(415, 39, 'Tisco'),
(416, 39, 'Tuti'),
(417, 39, 'Yanque'),
(418, 39, 'Majes'),
(419, 40, 'Chuquibamba'),
(420, 40, 'Andaray'),
(421, 40, 'Cayarani'),
(422, 40, 'Chichas'),
(423, 40, 'Iray'),
(424, 40, 'Río Grande'),
(425, 40, 'Salamanca'),
(426, 40, 'Yanaquihua'),
(427, 41, 'Mollendo'),
(428, 41, 'Cocachacra'),
(429, 41, 'Dean Valdivia'),
(430, 41, 'Islay'),
(431, 41, 'Mejia'),
(432, 41, 'Punta de Bombón'),
(433, 42, 'Cotahuasi'),
(434, 42, 'Alca'),
(435, 42, 'Charcana'),
(436, 42, 'Huaynacotas'),
(437, 42, 'Pampamarca'),
(438, 42, 'Puyca'),
(439, 42, 'Quechualla'),
(440, 42, 'Sayla'),
(441, 42, 'Tauria'),
(442, 42, 'Tomepampa'),
(443, 42, 'Toro'),
(444, 43, 'Ayacucho'),
(445, 43, 'Acocro'),
(446, 43, 'Acos Vinchos'),
(447, 43, 'Carmen Alto'),
(448, 43, 'Chiara'),
(449, 43, 'Ocros'),
(450, 43, 'Pacaycasa'),
(451, 43, 'Quinua'),
(452, 43, 'San José de Ticllas'),
(453, 43, 'San Juan Bautista'),
(454, 43, 'Santiago de Pischa'),
(455, 43, 'Socos'),
(456, 43, 'Tambillo'),
(457, 43, 'Vinchos'),
(458, 43, 'Jesús Nazareno'),
(459, 43, 'Andrés Avelino Cáceres Dorregaray'),
(460, 44, 'Cangallo'),
(461, 44, 'Chuschi'),
(462, 44, 'Los Morochucos'),
(463, 44, 'María Parado de Bellido'),
(464, 44, 'Paras'),
(465, 44, 'Totos'),
(466, 45, 'Sancos'),
(467, 45, 'Carapo'),
(468, 45, 'Sacsamarca'),
(469, 45, 'Santiago de Lucanamarca'),
(470, 46, 'Huanta'),
(471, 46, 'Ayahuanco'),
(472, 46, 'Huamanguilla'),
(473, 46, 'Iguain'),
(474, 46, 'Luricocha'),
(475, 46, 'Santillana'),
(476, 46, 'Sivia'),
(477, 46, 'Llochegua'),
(478, 46, 'Canayre'),
(479, 46, 'Uchuraccay'),
(480, 46, 'Pucacolpa'),
(481, 46, 'Chaca'),
(482, 47, 'San Miguel'),
(483, 47, 'Anco'),
(484, 47, 'Ayna'),
(485, 47, 'Chilcas'),
(486, 47, 'Chungui'),
(487, 47, 'Luis Carranza'),
(488, 47, 'Santa Rosa'),
(489, 47, 'Tambo'),
(490, 47, 'Samugari'),
(491, 47, 'Anchihuay'),
(492, 47, 'Oronccoy'),
(493, 48, 'Puquio'),
(494, 48, 'Aucara'),
(495, 48, 'Cabana'),
(496, 48, 'Carmen Salcedo'),
(497, 48, 'Chaviña'),
(498, 48, 'Chipao'),
(499, 48, 'Huac-Huas'),
(500, 48, 'Laramate'),
(501, 48, 'Leoncio Prado'),
(502, 48, 'Llauta'),
(503, 48, 'Lucanas'),
(504, 48, 'Ocaña'),
(505, 48, 'Otoca'),
(506, 48, 'Saisa'),
(507, 48, 'San Cristóbal'),
(508, 48, 'San Juan'),
(509, 48, 'San Pedro'),
(510, 48, 'San Pedro de Palco'),
(511, 48, 'Sancos'),
(512, 48, 'Santa Ana de Huaycahuacho'),
(513, 48, 'Santa Lucia'),
(514, 49, 'Coracora'),
(515, 49, 'Chumpi'),
(516, 49, 'Coronel Castañeda'),
(517, 49, 'Pacapausa'),
(518, 49, 'Pullo'),
(519, 49, 'Puyusca'),
(520, 49, 'San Francisco de Ravacayco'),
(521, 49, 'Upahuacho'),
(522, 50, 'Pausa'),
(523, 50, 'Colta'),
(524, 50, 'Corculla'),
(525, 50, 'Lampa'),
(526, 50, 'Marcabamba'),
(527, 50, 'Oyolo'),
(528, 50, 'Pararca'),
(529, 50, 'San Javier de Alpabamba'),
(530, 50, 'San José de Ushua'),
(531, 50, 'Sara Sara'),
(532, 51, 'Querobamba'),
(533, 51, 'Belén'),
(534, 51, 'Chalcos'),
(535, 51, 'Chilcayoc'),
(536, 51, 'Huacaña'),
(537, 51, 'Morcolla'),
(538, 51, 'Paico'),
(539, 51, 'San Pedro de Larcay'),
(540, 51, 'San Salvador de Quije'),
(541, 51, 'Santiago de Paucaray'),
(542, 51, 'Soras'),
(543, 52, 'Huancapi'),
(544, 52, 'Alcamenca'),
(545, 52, 'Apongo'),
(546, 52, 'Asquipata'),
(547, 52, 'Canaria'),
(548, 52, 'Cayara'),
(549, 52, 'Colca'),
(550, 52, 'Huamanquiquia'),
(551, 52, 'Huancaraylla'),
(552, 52, 'Hualla'),
(553, 52, 'Sarhua'),
(554, 52, 'Vilcanchos'),
(555, 53, 'Vilcas Huaman'),
(556, 53, 'Accomarca'),
(557, 53, 'Carhuanca'),
(558, 53, 'Concepción'),
(559, 53, 'Huambalpa'),
(560, 53, 'Independencia'),
(561, 53, 'Saurama'),
(562, 53, 'Vischongo'),
(563, 54, 'Cajamarca'),
(564, 54, 'Asunción'),
(565, 54, 'Chetilla'),
(566, 54, 'Cospan'),
(567, 54, 'Encañada'),
(568, 54, 'Jesús'),
(569, 54, 'Llacanora'),
(570, 54, 'Los Baños del Inca'),
(571, 54, 'Magdalena'),
(572, 54, 'Matara'),
(573, 54, 'Namora'),
(574, 54, 'San Juan'),
(575, 55, 'Cajabamba'),
(576, 55, 'Cachachi'),
(577, 55, 'Condebamba'),
(578, 55, 'Sitacocha'),
(579, 56, 'Celendín'),
(580, 56, 'Chumuch'),
(581, 56, 'Cortegana'),
(582, 56, 'Huasmin'),
(583, 56, 'Jorge Chávez'),
(584, 56, 'José Gálvez'),
(585, 56, 'Miguel Iglesias'),
(586, 56, 'Oxamarca'),
(587, 56, 'Sorochuco'),
(588, 56, 'Sucre'),
(589, 56, 'Utco'),
(590, 56, 'La Libertad de Pallan'),
(591, 57, 'Chota'),
(592, 57, 'Anguia'),
(593, 57, 'Chadin'),
(594, 57, 'Chiguirip'),
(595, 57, 'Chimban'),
(596, 57, 'Choropampa'),
(597, 57, 'Cochabamba'),
(598, 57, 'Conchan'),
(599, 57, 'Huambos'),
(600, 57, 'Lajas'),
(601, 57, 'Llama'),
(602, 57, 'Miracosta'),
(603, 57, 'Paccha'),
(604, 57, 'Pion'),
(605, 57, 'Querocoto'),
(606, 57, 'San Juan de Licupis'),
(607, 57, 'Tacabamba'),
(608, 57, 'Tocmoche'),
(609, 57, 'Chalamarca'),
(610, 58, 'Contumaza'),
(611, 58, 'Chilete'),
(612, 58, 'Cupisnique'),
(613, 58, 'Guzmango'),
(614, 58, 'San Benito'),
(615, 58, 'Santa Cruz de Toledo'),
(616, 58, 'Tantarica'),
(617, 58, 'Yonan'),
(618, 59, 'Cutervo'),
(619, 59, 'Callayuc'),
(620, 59, 'Choros'),
(621, 59, 'Cujillo'),
(622, 59, 'La Ramada'),
(623, 59, 'Pimpingos'),
(624, 59, 'Querocotillo'),
(625, 59, 'San Andrés de Cutervo'),
(626, 59, 'San Juan de Cutervo'),
(627, 59, 'San Luis de Lucma'),
(628, 59, 'Santa Cruz'),
(629, 59, 'Santo Domingo de la Capilla'),
(630, 59, 'Santo Tomas'),
(631, 59, 'Socota'),
(632, 59, 'Toribio Casanova'),
(633, 60, 'Bambamarca'),
(634, 60, 'Chugur'),
(635, 60, 'Hualgayoc'),
(636, 61, 'Jaén'),
(637, 61, 'Bellavista'),
(638, 61, 'Chontali'),
(639, 61, 'Colasay'),
(640, 61, 'Huabal'),
(641, 61, 'Las Pirias'),
(642, 61, 'Pomahuaca'),
(643, 61, 'Pucara'),
(644, 61, 'Sallique'),
(645, 61, 'San Felipe'),
(646, 61, 'San José del Alto'),
(647, 61, 'Santa Rosa'),
(648, 62, 'San Ignacio'),
(649, 62, 'Chirinos'),
(650, 62, 'Huarango'),
(651, 62, 'La Coipa'),
(652, 62, 'Namballe'),
(653, 62, 'San José de Lourdes'),
(654, 62, 'Tabaconas'),
(655, 63, 'Pedro Gálvez'),
(656, 63, 'Chancay'),
(657, 63, 'Eduardo Villanueva'),
(658, 63, 'Gregorio Pita'),
(659, 63, 'Ichocan'),
(660, 63, 'José Manuel Quiroz'),
(661, 63, 'José Sabogal'),
(662, 64, 'San Miguel'),
(663, 64, 'Bolívar'),
(664, 64, 'Calquis'),
(665, 64, 'Catilluc'),
(666, 64, 'El Prado'),
(667, 64, 'La Florida'),
(668, 64, 'Llapa'),
(669, 64, 'Nanchoc'),
(670, 64, 'Niepos'),
(671, 64, 'San Gregorio'),
(672, 64, 'San Silvestre de Cochan'),
(673, 64, 'Tongod'),
(674, 64, 'Unión Agua Blanca'),
(675, 65, 'San Pablo'),
(676, 65, 'San Bernardino'),
(677, 65, 'San Luis'),
(678, 65, 'Tumbaden'),
(679, 66, 'Santa Cruz'),
(680, 66, 'Andabamba'),
(681, 66, 'Catache'),
(682, 66, 'Chancaybaños'),
(683, 66, 'La Esperanza'),
(684, 66, 'Ninabamba'),
(685, 66, 'Pulan'),
(686, 66, 'Saucepampa'),
(687, 66, 'Sexi'),
(688, 66, 'Uticyacu'),
(689, 66, 'Yauyucan'),
(690, 67, 'Callao'),
(691, 67, 'Bellavista'),
(692, 67, 'Carmen de la Legua Reynoso'),
(693, 67, 'La Perla'),
(694, 67, 'La Punta'),
(695, 67, 'Ventanilla'),
(696, 67, 'Mi Perú'),
(697, 68, 'Cusco'),
(698, 68, 'Ccorca'),
(699, 68, 'Poroy'),
(700, 68, 'San Jerónimo'),
(701, 68, 'San Sebastian'),
(702, 68, 'Santiago'),
(703, 68, 'Saylla'),
(704, 68, 'Wanchaq'),
(705, 69, 'Acomayo'),
(706, 69, 'Acopia'),
(707, 69, 'Acos'),
(708, 69, 'Mosoc Llacta'),
(709, 69, 'Pomacanchi'),
(710, 69, 'Rondocan'),
(711, 69, 'Sangarara'),
(712, 70, 'Anta'),
(713, 70, 'Ancahuasi'),
(714, 70, 'Cachimayo'),
(715, 70, 'Chinchaypujio'),
(716, 70, 'Huarocondo'),
(717, 70, 'Limatambo'),
(718, 70, 'Mollepata'),
(719, 70, 'Pucyura'),
(720, 70, 'Zurite'),
(721, 71, 'Calca'),
(722, 71, 'Coya'),
(723, 71, 'Lamay'),
(724, 71, 'Lares'),
(725, 71, 'Pisac'),
(726, 71, 'San Salvador'),
(727, 71, 'Taray'),
(728, 71, 'Yanatile'),
(729, 72, 'Yanaoca'),
(730, 72, 'Checca'),
(731, 72, 'Kunturkanki'),
(732, 72, 'Langui'),
(733, 72, 'Layo'),
(734, 72, 'Pampamarca'),
(735, 72, 'Quehue'),
(736, 72, 'Tupac Amaru'),
(737, 73, 'Sicuani'),
(738, 73, 'Checacupe'),
(739, 73, 'Combapata'),
(740, 73, 'Marangani'),
(741, 73, 'Pitumarca'),
(742, 73, 'San Pablo'),
(743, 73, 'San Pedro'),
(744, 73, 'Tinta'),
(745, 74, 'Santo Tomas'),
(746, 74, 'Capacmarca'),
(747, 74, 'Chamaca'),
(748, 74, 'Colquemarca'),
(749, 74, 'Livitaca'),
(750, 74, 'Llusco'),
(751, 74, 'Quiñota'),
(752, 74, 'Velille'),
(753, 75, 'Espinar'),
(754, 75, 'Condoroma'),
(755, 75, 'Coporaque'),
(756, 75, 'Ocoruro'),
(757, 75, 'Pallpata'),
(758, 75, 'Pichigua'),
(759, 75, 'Suyckutambo'),
(760, 75, 'Alto Pichigua'),
(761, 76, 'Santa Ana'),
(762, 76, 'Echarate'),
(763, 76, 'Huayopata'),
(764, 76, 'Maranura'),
(765, 76, 'Ocobamba'),
(766, 76, 'Quellouno'),
(767, 76, 'Kimbiri'),
(768, 76, 'Santa Teresa'),
(769, 76, 'Vilcabamba'),
(770, 76, 'Pichari'),
(771, 76, 'Inkawasi'),
(772, 76, 'Villa Virgen'),
(773, 76, 'Villa Kintiarina'),
(774, 76, 'Megantoni'),
(775, 77, 'Paruro'),
(776, 77, 'Accha'),
(777, 77, 'Ccapi'),
(778, 77, 'Colcha'),
(779, 77, 'Huanoquite'),
(780, 77, 'Omachaç'),
(781, 77, 'Paccaritambo'),
(782, 77, 'Pillpinto'),
(783, 77, 'Yaurisque'),
(784, 78, 'Paucartambo'),
(785, 78, 'Caicay'),
(786, 78, 'Challabamba'),
(787, 78, 'Colquepata'),
(788, 78, 'Huancarani'),
(789, 78, 'Kosñipata'),
(790, 79, 'Urcos'),
(791, 79, 'Andahuaylillas'),
(792, 79, 'Camanti'),
(793, 79, 'Ccarhuayo'),
(794, 79, 'Ccatca'),
(795, 79, 'Cusipata'),
(796, 79, 'Huaro'),
(797, 79, 'Lucre'),
(798, 79, 'Marcapata'),
(799, 79, 'Ocongate'),
(800, 79, 'Oropesa'),
(801, 79, 'Quiquijana'),
(802, 80, 'Urubamba'),
(803, 80, 'Chinchero'),
(804, 80, 'Huayllabamba'),
(805, 80, 'Machupicchu'),
(806, 80, 'Maras'),
(807, 80, 'Ollantaytambo'),
(808, 80, 'Yucay'),
(809, 81, 'Huancavelica'),
(810, 81, 'Acobambilla'),
(811, 81, 'Acoria'),
(812, 81, 'Conayca'),
(813, 81, 'Cuenca'),
(814, 81, 'Huachocolpa'),
(815, 81, 'Huayllahuara'),
(816, 81, 'Izcuchaca'),
(817, 81, 'Laria'),
(818, 81, 'Manta'),
(819, 81, 'Mariscal Cáceres'),
(820, 81, 'Moya'),
(821, 81, 'Nuevo Occoro'),
(822, 81, 'Palca'),
(823, 81, 'Pilchaca'),
(824, 81, 'Vilca'),
(825, 81, 'Yauli'),
(826, 81, 'Ascensión'),
(827, 81, 'Huando'),
(828, 82, 'Acobamba'),
(829, 82, 'Andabamba'),
(830, 82, 'Anta'),
(831, 82, 'Caja'),
(832, 82, 'Marcas'),
(833, 82, 'Paucara'),
(834, 82, 'Pomacocha'),
(835, 82, 'Rosario'),
(836, 83, 'Lircay'),
(837, 83, 'Anchonga'),
(838, 83, 'Callanmarca'),
(839, 83, 'Ccochaccasa'),
(840, 83, 'Chincho'),
(841, 83, 'Congalla'),
(842, 83, 'Huanca-Huanca'),
(843, 83, 'Huayllay Grande'),
(844, 83, 'Julcamarca'),
(845, 83, 'San Antonio de Antaparco'),
(846, 83, 'Santo Tomas de Pata'),
(847, 83, 'Secclla'),
(848, 84, 'Castrovirreyna'),
(849, 84, 'Arma'),
(850, 84, 'Aurahua'),
(851, 84, 'Capillas'),
(852, 84, 'Chupamarca'),
(853, 84, 'Cocas'),
(854, 84, 'Huachos'),
(855, 84, 'Huamatambo'),
(856, 84, 'Mollepampa'),
(857, 84, 'San Juan'),
(858, 84, 'Santa Ana'),
(859, 84, 'Tantara'),
(860, 84, 'Ticrapo'),
(861, 85, 'Churcampa'),
(862, 85, 'Anco'),
(863, 85, 'Chinchihuasi'),
(864, 85, 'El Carmen'),
(865, 85, 'La Merced'),
(866, 85, 'Locroja'),
(867, 85, 'Paucarbamba'),
(868, 85, 'San Miguel de Mayocc'),
(869, 85, 'San Pedro de Coris'),
(870, 85, 'Pachamarca'),
(871, 85, 'Cosme'),
(872, 86, 'Huaytara'),
(873, 86, 'Ayavi'),
(874, 86, 'Córdova'),
(875, 86, 'Huayacundo Arma'),
(876, 86, 'Laramarca'),
(877, 86, 'Ocoyo'),
(878, 86, 'Pilpichaca'),
(879, 86, 'Querco'),
(880, 86, 'Quito-Arma'),
(881, 86, 'San Antonio de Cusicancha'),
(882, 86, 'San Francisco de Sangayaico'),
(883, 86, 'San Isidro'),
(884, 86, 'Santiago de Chocorvos'),
(885, 86, 'Santiago de Quirahuara'),
(886, 86, 'Santo Domingo de Capillas'),
(887, 86, 'Tambo'),
(888, 87, 'Pampas'),
(889, 87, 'Acostambo'),
(890, 87, 'Acraquia'),
(891, 87, 'Ahuaycha'),
(892, 87, 'Colcabamba'),
(893, 87, 'Daniel Hernández'),
(894, 87, 'Huachocolpa'),
(895, 87, 'Huaribamba'),
(896, 87, 'Ñahuimpuquio'),
(897, 87, 'Pazos'),
(898, 87, 'Quishuar'),
(899, 87, 'Salcabamba'),
(900, 87, 'Salcahuasi'),
(901, 87, 'San Marcos de Rocchac'),
(902, 87, 'Surcubamba'),
(903, 87, 'Tintay Puncu'),
(904, 87, 'Quichuas'),
(905, 87, 'Andaymarca'),
(906, 87, 'Roble'),
(907, 87, 'Pichos'),
(908, 87, 'Santiago de Tucuma'),
(909, 88, 'Huanuco'),
(910, 88, 'Amarilis'),
(911, 88, 'Chinchao'),
(912, 88, 'Churubamba'),
(913, 88, 'Margos'),
(914, 88, 'Quisqui (Kichki)'),
(915, 88, 'San Francisco de Cayran'),
(916, 88, 'San Pedro de Chaulan'),
(917, 88, 'Santa María del Valle'),
(918, 88, 'Yarumayo'),
(919, 88, 'Pillco Marca'),
(920, 88, 'Yacus'),
(921, 88, 'San Pablo de Pillao'),
(922, 89, 'Ambo'),
(923, 89, 'Cayna'),
(924, 89, 'Colpas'),
(925, 89, 'Conchamarca'),
(926, 89, 'Huacar'),
(927, 89, 'San Francisco'),
(928, 89, 'San Rafael'),
(929, 89, 'Tomay Kichwa'),
(930, 90, 'La Unión'),
(931, 90, 'Chuquis'),
(932, 90, 'Marías'),
(933, 90, 'Pachas'),
(934, 90, 'Quivilla'),
(935, 90, 'Ripan'),
(936, 90, 'Shunqui'),
(937, 90, 'Sillapata'),
(938, 90, 'Yanas'),
(939, 91, 'Huacaybamba'),
(940, 91, 'Canchabamba'),
(941, 91, 'Cochabamba'),
(942, 91, 'Pinra'),
(943, 92, 'Llata'),
(944, 92, 'Arancay'),
(945, 92, 'Chavín de Pariarca'),
(946, 92, 'Jacas Grande'),
(947, 92, 'Jircan'),
(948, 92, 'Miraflores'),
(949, 92, 'Monzón'),
(950, 92, 'Punchao'),
(951, 92, 'Puños'),
(952, 92, 'Singa'),
(953, 92, 'Tantamayo'),
(954, 93, 'Rupa-Rupa'),
(955, 93, 'Daniel Alomía Robles'),
(956, 93, 'Hermílio Valdizan'),
(957, 93, 'José Crespo y Castillo'),
(958, 93, 'Luyando'),
(959, 93, 'Mariano Damaso Beraun'),
(960, 93, 'Pucayacu'),
(961, 93, 'Castillo Grande'),
(962, 93, 'Pueblo Nuevo'),
(963, 93, 'Santo Domingo de Anda'),
(964, 94, 'Huacrachuco'),
(965, 94, 'Cholon'),
(966, 94, 'San Buenaventura'),
(967, 94, 'La Morada'),
(968, 94, 'Santa Rosa de Alto Yanajanca'),
(969, 95, 'Panao'),
(970, 95, 'Chaglla'),
(971, 95, 'Molino'),
(972, 95, 'Umari'),
(973, 96, 'Puerto Inca'),
(974, 96, 'Codo del Pozuzo'),
(975, 96, 'Honoria'),
(976, 96, 'Tournavista'),
(977, 96, 'Yuyapichis'),
(978, 97, 'Jesús'),
(979, 97, 'Baños'),
(980, 97, 'Jivia'),
(981, 97, 'Queropalca'),
(982, 97, 'Rondos'),
(983, 97, 'San Francisco de Asís'),
(984, 97, 'San Miguel de Cauri'),
(985, 98, 'Chavinillo'),
(986, 98, 'Cahuac'),
(987, 98, 'Chacabamba'),
(988, 98, 'Aparicio Pomares'),
(989, 98, 'Jacas Chico'),
(990, 98, 'Obas'),
(991, 98, 'Pampamarca'),
(992, 98, 'Choras'),
(993, 99, 'Ica'),
(994, 99, 'La Tinguiña'),
(995, 99, 'Los Aquijes'),
(996, 99, 'Ocucaje'),
(997, 99, 'Pachacutec'),
(998, 99, 'Parcona'),
(999, 99, 'Pueblo Nuevo'),
(1000, 99, 'Salas'),
(1001, 99, 'San José de Los Molinos'),
(1002, 99, 'San Juan Bautista'),
(1003, 99, 'Santiago'),
(1004, 99, 'Subtanjalla'),
(1005, 99, 'Tate'),
(1006, 99, 'Yauca del Rosario'),
(1007, 100, 'Chincha Alta'),
(1008, 100, 'Alto Laran'),
(1009, 100, 'Chavin'),
(1010, 100, 'Chincha Baja'),
(1011, 100, 'El Carmen'),
(1012, 100, 'Grocio Prado'),
(1013, 100, 'Pueblo Nuevo'),
(1014, 100, 'San Juan de Yanac'),
(1015, 100, 'San Pedro de Huacarpana'),
(1016, 100, 'Sunampe'),
(1017, 100, 'Tambo de Mora'),
(1018, 101, 'Nasca'),
(1019, 101, 'Changuillo'),
(1020, 101, 'El Ingenio'),
(1021, 101, 'Marcona'),
(1022, 101, 'Vista Alegre'),
(1023, 102, 'Palpa'),
(1024, 102, 'Llipata'),
(1025, 102, 'Río Grande'),
(1026, 102, 'Santa Cruz'),
(1027, 102, 'Tibillo'),
(1028, 103, 'Pisco'),
(1029, 103, 'Huancano'),
(1030, 103, 'Humay'),
(1031, 103, 'Independencia'),
(1032, 103, 'Paracas'),
(1033, 103, 'San Andrés'),
(1034, 103, 'San Clemente'),
(1035, 103, 'Tupac Amaru Inca'),
(1036, 104, 'Huancayo'),
(1037, 104, 'Carhuacallanga'),
(1038, 104, 'Chacapampa'),
(1039, 104, 'Chicche'),
(1040, 104, 'Chilca'),
(1041, 104, 'Chongos Alto'),
(1042, 104, 'Chupuro'),
(1043, 104, 'Colca'),
(1044, 104, 'Cullhuas'),
(1045, 104, 'El Tambo'),
(1046, 104, 'Huacrapuquio'),
(1047, 104, 'Hualhuas'),
(1048, 104, 'Huancan'),
(1049, 104, 'Huasicancha'),
(1050, 104, 'Huayucachi'),
(1051, 104, 'Ingenio'),
(1052, 104, 'Pariahuanca'),
(1053, 104, 'Pilcomayo'),
(1054, 104, 'Pucara'),
(1055, 104, 'Quichuay'),
(1056, 104, 'Quilcas'),
(1057, 104, 'San Agustín'),
(1058, 104, 'San Jerónimo de Tunan'),
(1059, 104, 'Saño'),
(1060, 104, 'Sapallanga'),
(1061, 104, 'Sicaya'),
(1062, 104, 'Santo Domingo de Acobamba'),
(1063, 104, 'Viques'),
(1064, 105, 'Concepción'),
(1065, 105, 'Aco'),
(1066, 105, 'Andamarca'),
(1067, 105, 'Chambara'),
(1068, 105, 'Cochas'),
(1069, 105, 'Comas'),
(1070, 105, 'Heroínas Toledo'),
(1071, 105, 'Manzanares'),
(1072, 105, 'Mariscal Castilla'),
(1073, 105, 'Matahuasi'),
(1074, 105, 'Mito'),
(1075, 105, 'Nueve de Julio'),
(1076, 105, 'Orcotuna'),
(1077, 105, 'San José de Quero'),
(1078, 105, 'Santa Rosa de Ocopa'),
(1079, 106, 'Chanchamayo'),
(1080, 106, 'Perene'),
(1081, 106, 'Pichanaqui'),
(1082, 106, 'San Luis de Shuaro'),
(1083, 106, 'San Ramón'),
(1084, 106, 'Vitoc'),
(1085, 107, 'Jauja'),
(1086, 107, 'Acolla'),
(1087, 107, 'Apata'),
(1088, 107, 'Ataura'),
(1089, 107, 'Canchayllo'),
(1090, 107, 'Curicaca'),
(1091, 107, 'El Mantaro'),
(1092, 107, 'Huamali'),
(1093, 107, 'Huaripampa'),
(1094, 107, 'Huertas'),
(1095, 107, 'Janjaillo'),
(1096, 107, 'Julcán'),
(1097, 107, 'Leonor Ordóñez'),
(1098, 107, 'Llocllapampa'),
(1099, 107, 'Marco'),
(1100, 107, 'Masma'),
(1101, 107, 'Masma Chicche'),
(1102, 107, 'Molinos'),
(1103, 107, 'Monobamba'),
(1104, 107, 'Muqui'),
(1105, 107, 'Muquiyauyo'),
(1106, 107, 'Paca'),
(1107, 107, 'Paccha'),
(1108, 107, 'Pancan'),
(1109, 107, 'Parco'),
(1110, 107, 'Pomacancha'),
(1111, 107, 'Ricran'),
(1112, 107, 'San Lorenzo'),
(1113, 107, 'San Pedro de Chunan'),
(1114, 107, 'Sausa'),
(1115, 107, 'Sincos'),
(1116, 107, 'Tunan Marca'),
(1117, 107, 'Yauli'),
(1118, 107, 'Yauyos'),
(1119, 108, 'Junin'),
(1120, 108, 'Carhuamayo'),
(1121, 108, 'Ondores'),
(1122, 108, 'Ulcumayo'),
(1123, 109, 'Satipo'),
(1124, 109, 'Coviriali'),
(1125, 109, 'Llaylla'),
(1126, 109, 'Mazamari'),
(1127, 109, 'Pampa Hermosa'),
(1128, 109, 'Pangoa'),
(1129, 109, 'Río Negro'),
(1130, 109, 'Río Tambo'),
(1131, 109, 'Vizcatan del Ene'),
(1132, 110, 'Tarma'),
(1133, 110, 'Acobamba'),
(1134, 110, 'Huaricolca'),
(1135, 110, 'Huasahuasi'),
(1136, 110, 'La Unión'),
(1137, 110, 'Palca'),
(1138, 110, 'Palcamayo'),
(1139, 110, 'San Pedro de Cajas'),
(1140, 110, 'Tapo'),
(1141, 111, 'La Oroya'),
(1142, 111, 'Chacapalpa'),
(1143, 111, 'Huay-Huay'),
(1144, 111, 'Marcapomacocha'),
(1145, 111, 'Morococha'),
(1146, 111, 'Paccha'),
(1147, 111, 'Santa Bárbara de Carhuacayan'),
(1148, 111, 'Santa Rosa de Sacco'),
(1149, 111, 'Suitucancha'),
(1150, 111, 'Yauli'),
(1151, 112, 'Chupaca'),
(1152, 112, 'Ahuac'),
(1153, 112, 'Chongos Bajo'),
(1154, 112, 'Huachac'),
(1155, 112, 'Huamancaca Chico'),
(1156, 112, 'San Juan de Iscos'),
(1157, 112, 'San Juan de Jarpa'),
(1158, 112, 'Tres de Diciembre'),
(1159, 112, 'Yanacancha'),
(1160, 113, 'Trujillo'),
(1161, 113, 'El Porvenir'),
(1162, 113, 'Florencia de Mora'),
(1163, 113, 'Huanchaco'),
(1164, 113, 'La Esperanza'),
(1165, 113, 'Laredo'),
(1166, 113, 'Moche'),
(1167, 113, 'Poroto'),
(1168, 113, 'Salaverry'),
(1169, 113, 'Simbal'),
(1170, 113, 'Victor Larco Herrera'),
(1171, 114, 'Ascope'),
(1172, 114, 'Chicama'),
(1173, 114, 'Chocope'),
(1174, 114, 'Magdalena de Cao'),
(1175, 114, 'Paijan'),
(1176, 114, 'Rázuri'),
(1177, 114, 'Santiago de Cao'),
(1178, 114, 'Casa Grande'),
(1179, 115, 'Bolívar'),
(1180, 115, 'Bambamarca'),
(1181, 115, 'Condormarca'),
(1182, 115, 'Longotea'),
(1183, 115, 'Uchumarca'),
(1184, 115, 'Ucuncha'),
(1185, 116, 'Chepen'),
(1186, 116, 'Pacanga'),
(1187, 116, 'Pueblo Nuevo'),
(1188, 117, 'Julcan'),
(1189, 117, 'Calamarca'),
(1190, 117, 'Carabamba'),
(1191, 117, 'Huaso'),
(1192, 118, 'Otuzco'),
(1193, 118, 'Agallpampa'),
(1194, 118, 'Charat'),
(1195, 118, 'Huaranchal'),
(1196, 118, 'La Cuesta'),
(1197, 118, 'Mache'),
(1198, 118, 'Paranday'),
(1199, 118, 'Salpo'),
(1200, 118, 'Sinsicap'),
(1201, 118, 'Usquil'),
(1202, 119, 'San Pedro de Lloc'),
(1203, 119, 'Guadalupe'),
(1204, 119, 'Jequetepeque'),
(1205, 119, 'Pacasmayo'),
(1206, 119, 'San José'),
(1207, 120, 'Tayabamba'),
(1208, 120, 'Buldibuyo'),
(1209, 120, 'Chillia'),
(1210, 120, 'Huancaspata'),
(1211, 120, 'Huaylillas'),
(1212, 120, 'Huayo'),
(1213, 120, 'Ongon'),
(1214, 120, 'Parcoy'),
(1215, 120, 'Pataz'),
(1216, 120, 'Pias'),
(1217, 120, 'Santiago de Challas'),
(1218, 120, 'Taurija'),
(1219, 120, 'Urpay'),
(1220, 121, 'Huamachuco'),
(1221, 121, 'Chugay'),
(1222, 121, 'Cochorco'),
(1223, 121, 'Curgos'),
(1224, 121, 'Marcabal'),
(1225, 121, 'Sanagoran'),
(1226, 121, 'Sarin'),
(1227, 121, 'Sartimbamba'),
(1228, 122, 'Santiago de Chuco'),
(1229, 122, 'Angasmarca'),
(1230, 122, 'Cachicadan'),
(1231, 122, 'Mollebamba'),
(1232, 122, 'Mollepata'),
(1233, 122, 'Quiruvilca'),
(1234, 122, 'Santa Cruz de Chuca'),
(1235, 122, 'Sitabamba'),
(1236, 123, 'Cascas'),
(1237, 123, 'Lucma'),
(1238, 123, 'Marmot'),
(1239, 123, 'Sayapullo'),
(1240, 124, 'Viru'),
(1241, 124, 'Chao'),
(1242, 124, 'Guadalupito'),
(1243, 125, 'Chiclayo'),
(1244, 125, 'Chongoyape'),
(1245, 125, 'Eten'),
(1246, 125, 'Eten Puerto'),
(1247, 125, 'José Leonardo Ortiz'),
(1248, 125, 'La Victoria'),
(1249, 125, 'Lagunas'),
(1250, 125, 'Monsefu'),
(1251, 125, 'Nueva Arica'),
(1252, 125, 'Oyotun'),
(1253, 125, 'Picsi'),
(1254, 125, 'Pimentel'),
(1255, 125, 'Reque'),
(1256, 125, 'Santa Rosa'),
(1257, 125, 'Saña'),
(1258, 125, 'Cayalti'),
(1259, 125, 'Patapo'),
(1260, 125, 'Pomalca'),
(1261, 125, 'Pucala'),
(1262, 125, 'Tuman'),
(1263, 126, 'Ferreñafe'),
(1264, 126, 'Cañaris'),
(1265, 126, 'Incahuasi'),
(1266, 126, 'Manuel Antonio Mesones Muro'),
(1267, 126, 'Pitipo'),
(1268, 126, 'Pueblo Nuevo'),
(1269, 127, 'Lambayeque'),
(1270, 127, 'Chochope'),
(1271, 127, 'Illimo'),
(1272, 127, 'Jayanca'),
(1273, 127, 'Mochumi'),
(1274, 127, 'Morrope'),
(1275, 127, 'Motupe'),
(1276, 127, 'Olmos'),
(1277, 127, 'Pacora'),
(1278, 127, 'Salas'),
(1279, 127, 'San José'),
(1280, 127, 'Tucume'),
(1281, 128, 'Lima'),
(1282, 128, 'Ancón'),
(1283, 128, 'Ate'),
(1284, 128, 'Barranco'),
(1285, 128, 'Breña'),
(1286, 128, 'Carabayllo'),
(1287, 128, 'Chaclacayo'),
(1288, 128, 'Chorrillos'),
(1289, 128, 'Cieneguilla'),
(1290, 128, 'Comas'),
(1291, 128, 'El Agustino'),
(1292, 128, 'Independencia'),
(1293, 128, 'Jesús María'),
(1294, 128, 'La Molina'),
(1295, 128, 'La Victoria'),
(1296, 128, 'Lince'),
(1297, 128, 'Los Olivos'),
(1298, 128, 'Lurigancho'),
(1299, 128, 'Lurin'),
(1300, 128, 'Magdalena del Mar'),
(1301, 128, 'Pueblo Libre'),
(1302, 128, 'Miraflores'),
(1303, 128, 'Pachacamac'),
(1304, 128, 'Pucusana'),
(1305, 128, 'Puente Piedra'),
(1306, 128, 'Punta Hermosa'),
(1307, 128, 'Punta Negra'),
(1308, 128, 'Rímac'),
(1309, 128, 'San Bartolo'),
(1310, 128, 'San Borja'),
(1311, 128, 'San Isidro'),
(1312, 128, 'San Juan de Lurigancho'),
(1313, 128, 'San Juan de Miraflores'),
(1314, 128, 'San Luis'),
(1315, 128, 'San Martín de Porres'),
(1316, 128, 'San Miguel'),
(1317, 128, 'Santa Anita'),
(1318, 128, 'Santa María del Mar'),
(1319, 128, 'Santa Rosa'),
(1320, 128, 'Santiago de Surco'),
(1321, 128, 'Surquillo'),
(1322, 128, 'Villa El Salvador'),
(1323, 128, 'Villa María del Triunfo'),
(1324, 129, 'Barranca'),
(1325, 129, 'Paramonga'),
(1326, 129, 'Pativilca'),
(1327, 129, 'Supe'),
(1328, 129, 'Supe Puerto'),
(1329, 130, 'Cajatambo'),
(1330, 130, 'Copa'),
(1331, 130, 'Gorgor'),
(1332, 130, 'Huancapon'),
(1333, 130, 'Manas'),
(1334, 131, 'Canta'),
(1335, 131, 'Arahuay'),
(1336, 131, 'Huamantanga'),
(1337, 131, 'Huaros'),
(1338, 131, 'Lachaqui'),
(1339, 131, 'San Buenaventura'),
(1340, 131, 'Santa Rosa de Quives'),
(1342, 132, 'San Vicente de Cañete'),
(1343, 132, 'Asia'),
(1344, 132, 'Calango'),
(1345, 132, 'Cerro Azul'),
(1346, 132, 'Chilca'),
(1347, 132, 'Coayllo'),
(1348, 132, 'Imperial'),
(1349, 132, 'Lunahuana'),
(1350, 132, 'Mala'),
(1351, 132, 'Nuevo Imperial'),
(1352, 132, 'Pacaran'),
(1353, 132, 'Quilmana'),
(1354, 132, 'San Antonio'),
(1355, 132, 'San Luis'),
(1356, 132, 'Santa Cruz de Flores'),
(1357, 132, 'Zúñiga'),
(1358, 133, 'Huaral'),
(1359, 133, 'Atavillos Alto'),
(1360, 133, 'Atavillos Bajo'),
(1361, 133, 'Aucallama'),
(1362, 133, 'Chancay'),
(1363, 133, 'Ihuari'),
(1364, 133, 'Lampian'),
(1365, 133, 'Pacaraos'),
(1366, 133, 'San Miguel de Acos'),
(1367, 133, 'Santa Cruz de Andamarca'),
(1368, 133, 'Sumbilca'),
(1369, 133, 'Veintisiete de Noviembre'),
(1370, 134, 'Matucana'),
(1371, 134, 'Antioquia'),
(1372, 134, 'Callahuanca'),
(1373, 134, 'Carampoma'),
(1374, 134, 'Chicla'),
(1375, 134, 'Cuenca'),
(1376, 134, 'Huachupampa'),
(1377, 134, 'Huanza'),
(1378, 134, 'Huarochiri'),
(1379, 134, 'Lahuaytambo'),
(1380, 134, 'Langa'),
(1381, 134, 'Laraos'),
(1382, 134, 'Mariatana'),
(1383, 134, 'Ricardo Palma'),
(1384, 134, 'San Andrés de Tupicocha'),
(1385, 134, 'San Antonio'),
(1386, 134, 'San Bartolomé'),
(1387, 134, 'San Damian'),
(1388, 134, 'San Juan de Iris'),
(1389, 134, 'San Juan de Tantaranche'),
(1390, 134, 'San Lorenzo de Quinti'),
(1391, 134, 'San Mateo'),
(1392, 134, 'San Mateo de Otao'),
(1393, 134, 'San Pedro de Casta'),
(1394, 134, 'San Pedro de Huancayre'),
(1395, 134, 'Sangallaya'),
(1396, 134, 'Santa Cruz de Cocachacra'),
(1397, 134, 'Santa Eulalia'),
(1398, 134, 'Santiago de Anchucaya'),
(1399, 134, 'Santiago de Tuna'),
(1400, 134, 'Santo Domingo de Los Olleros'),
(1401, 134, 'Surco'),
(1402, 135, 'Huacho'),
(1403, 135, 'Ambar'),
(1404, 135, 'Caleta de Carquin'),
(1405, 135, 'Checras'),
(1406, 135, 'Hualmay'),
(1407, 135, 'Huaura'),
(1408, 135, 'Leoncio Prado'),
(1409, 135, 'Paccho'),
(1410, 135, 'Santa Leonor'),
(1411, 135, 'Santa María'),
(1412, 135, 'Sayan'),
(1413, 135, 'Vegueta'),
(1414, 136, 'Oyon'),
(1415, 136, 'Andajes'),
(1416, 136, 'Caujul'),
(1417, 136, 'Cochamarca'),
(1418, 136, 'Navan'),
(1419, 136, 'Pachangara'),
(1420, 137, 'Yauyos'),
(1421, 137, 'Alis'),
(1422, 137, 'Allauca'),
(1423, 137, 'Ayaviri'),
(1424, 137, 'Azángaro'),
(1425, 137, 'Cacra'),
(1426, 137, 'Carania'),
(1427, 137, 'Catahuasi'),
(1428, 137, 'Chocos'),
(1429, 137, 'Cochas'),
(1430, 137, 'Colonia'),
(1431, 137, 'Hongos'),
(1432, 137, 'Huampara'),
(1433, 137, 'Huancaya'),
(1434, 137, 'Huangascar'),
(1435, 137, 'Huantan'),
(1436, 137, 'Huañec'),
(1437, 137, 'Laraos'),
(1438, 137, 'Lincha'),
(1439, 137, 'Madean'),
(1440, 137, 'Miraflores'),
(1441, 137, 'Omas'),
(1442, 137, 'Putinza'),
(1443, 137, 'Quinches'),
(1444, 137, 'Quinocay'),
(1445, 137, 'San Joaquín'),
(1446, 137, 'San Pedro de Pilas'),
(1447, 137, 'Tanta'),
(1448, 137, 'Tauripampa'),
(1449, 137, 'Tomas'),
(1450, 137, 'Tupe'),
(1451, 137, 'Viñac'),
(1452, 137, 'Vitis'),
(1453, 138, 'Iquitos'),
(1454, 138, 'Alto Nanay'),
(1455, 138, 'Fernando Lores'),
(1456, 138, 'Indiana'),
(1457, 138, 'Las Amazonas'),
(1458, 138, 'Mazan'),
(1459, 138, 'Napo'),
(1460, 138, 'Punchana'),
(1461, 138, 'Torres Causana'),
(1462, 138, 'Belén'),
(1463, 138, 'San Juan Bautista'),
(1464, 139, 'Yurimaguas'),
(1465, 139, 'Balsapuerto'),
(1466, 139, 'Jeberos'),
(1467, 139, 'Lagunas'),
(1468, 139, 'Santa Cruz'),
(1469, 139, 'Teniente Cesar López Rojas'),
(1470, 140, 'Nauta'),
(1471, 140, 'Parinari'),
(1472, 140, 'Tigre'),
(1473, 140, 'Trompeteros'),
(1474, 140, 'Urarinas'),
(1475, 141, 'Ramón Castilla'),
(1476, 141, 'Pebas'),
(1477, 141, 'Yavari'),
(1478, 141, 'San Pablo'),
(1479, 142, 'Requena'),
(1480, 142, 'Alto Tapiche'),
(1481, 142, 'Capelo'),
(1482, 142, 'Emilio San Martín'),
(1483, 142, 'Maquia'),
(1484, 142, 'Puinahua'),
(1485, 142, 'Saquena'),
(1486, 142, 'Soplin'),
(1487, 142, 'Tapiche'),
(1488, 142, 'Jenaro Herrera'),
(1489, 142, 'Yaquerana'),
(1490, 143, 'Contamana'),
(1491, 143, 'Inahuaya'),
(1492, 143, 'Padre Márquez'),
(1493, 143, 'Pampa Hermosa'),
(1494, 143, 'Sarayacu'),
(1495, 143, 'Vargas Guerra'),
(1496, 144, 'Barranca'),
(1497, 144, 'Cahuapanas'),
(1498, 144, 'Manseriche'),
(1499, 144, 'Morona'),
(1500, 144, 'Pastaza'),
(1501, 144, 'Andoas'),
(1502, 145, 'Putumayo'),
(1503, 145, 'Rosa Panduro'),
(1504, 145, 'Teniente Manuel Clavero'),
(1505, 145, 'Yaguas'),
(1506, 146, 'Tambopata'),
(1507, 146, 'Inambari'),
(1508, 146, 'Las Piedras'),
(1509, 146, 'Laberinto'),
(1510, 147, 'Manu'),
(1511, 147, 'Fitzcarrald'),
(1512, 147, 'Madre de Dios'),
(1513, 147, 'Huepetuhe'),
(1514, 148, 'Iñapari'),
(1515, 148, 'Iberia'),
(1516, 148, 'Tahuamanu'),
(1517, 149, 'Moquegua'),
(1518, 149, 'Carumas'),
(1519, 149, 'Cuchumbaya'),
(1520, 149, 'Samegua'),
(1521, 149, 'San Cristóbal'),
(1522, 149, 'Torata'),
(1523, 150, 'Omate'),
(1524, 150, 'Chojata'),
(1525, 150, 'Coalaque'),
(1526, 150, 'Ichuña'),
(1527, 150, 'La Capilla'),
(1528, 150, 'Lloque'),
(1529, 150, 'Matalaque'),
(1530, 150, 'Puquina'),
(1531, 150, 'Quinistaquillas'),
(1532, 150, 'Ubinas'),
(1533, 150, 'Yunga'),
(1534, 151, 'Ilo'),
(1535, 151, 'El Algarrobal'),
(1536, 151, 'Pacocha'),
(1537, 152, 'Chaupimarca'),
(1538, 152, 'Huachon'),
(1539, 152, 'Huariaca'),
(1540, 152, 'Huayllay'),
(1541, 152, 'Ninacaca'),
(1542, 152, 'Pallanchacra'),
(1543, 152, 'Paucartambo'),
(1544, 152, 'San Francisco de Asís de Yarusyacan'),
(1545, 152, 'Simon Bolívar'),
(1546, 152, 'Ticlacayan'),
(1547, 152, 'Tinyahuarco'),
(1548, 152, 'Vicco'),
(1549, 152, 'Yanacancha'),
(1550, 153, 'Yanahuanca'),
(1551, 153, 'Chacayan'),
(1552, 153, 'Goyllarisquizga'),
(1553, 153, 'Paucar'),
(1554, 153, 'San Pedro de Pillao'),
(1555, 153, 'Santa Ana de Tusi'),
(1556, 153, 'Tapuc'),
(1557, 153, 'Vilcabamba'),
(1558, 154, 'Oxapampa'),
(1559, 154, 'Chontabamba'),
(1560, 154, 'Huancabamba'),
(1561, 154, 'Palcazu'),
(1562, 154, 'Pozuzo'),
(1563, 154, 'Puerto Bermúdez'),
(1564, 154, 'Villa Rica'),
(1565, 154, 'Constitución'),
(1566, 155, 'Piura'),
(1567, 155, 'Castilla'),
(1568, 155, 'Catacaos'),
(1569, 155, 'Cura Mori'),
(1570, 155, 'El Tallan'),
(1571, 155, 'La Arena'),
(1572, 155, 'La Unión'),
(1573, 155, 'Las Lomas'),
(1574, 155, 'Tambo Grande'),
(1575, 155, 'Veintiseis de Octubre'),
(1576, 156, 'Ayabaca'),
(1577, 156, 'Frias'),
(1578, 156, 'Jilili'),
(1579, 156, 'Lagunas'),
(1580, 156, 'Montero'),
(1581, 156, 'Pacaipampa'),
(1582, 156, 'Paimas'),
(1583, 156, 'Sapillica'),
(1584, 156, 'Sicchez'),
(1585, 156, 'Suyo'),
(1586, 157, 'Huancabamba'),
(1587, 157, 'Canchaque'),
(1588, 157, 'El Carmen de la Frontera'),
(1589, 157, 'Huarmaca'),
(1590, 157, 'Lalaquiz'),
(1591, 157, 'San Miguel de El Faique'),
(1592, 157, 'Sondor'),
(1593, 157, 'Sondorillo'),
(1594, 158, 'Chulucanas'),
(1595, 158, 'Buenos Aires'),
(1596, 158, 'Chalaco'),
(1597, 158, 'La Matanza'),
(1598, 158, 'Morropon'),
(1599, 158, 'Salitral'),
(1600, 158, 'San Juan de Bigote'),
(1601, 158, 'Santa Catalina de Mossa'),
(1602, 158, 'Santo Domingo'),
(1603, 158, 'Yamango'),
(1604, 159, 'Paita'),
(1605, 159, 'Amotape'),
(1606, 159, 'Arenal'),
(1607, 159, 'Colan'),
(1608, 159, 'La Huaca'),
(1609, 159, 'Tamarindo'),
(1610, 159, 'Vichayal'),
(1611, 160, 'Sullana'),
(1612, 160, 'Bellavista'),
(1613, 160, 'Ignacio Escudero'),
(1614, 160, 'Lancones'),
(1615, 160, 'Marcavelica'),
(1616, 160, 'Miguel Checa'),
(1617, 160, 'Querecotillo'),
(1618, 160, 'Salitral'),
(1619, 161, 'Pariñas'),
(1620, 161, 'El Alto'),
(1621, 161, 'La Brea'),
(1622, 161, 'Lobitos'),
(1623, 161, 'Los Organos'),
(1624, 161, 'Mancora'),
(1625, 162, 'Sechura'),
(1626, 162, 'Bellavista de la Unión'),
(1627, 162, 'Bernal'),
(1628, 162, 'Cristo Nos Valga'),
(1629, 162, 'Vice'),
(1630, 162, 'Rinconada Llicuar'),
(1631, 163, 'Puno'),
(1632, 163, 'Acora'),
(1633, 163, 'Amantani'),
(1634, 163, 'Atuncolla'),
(1635, 163, 'Capachica'),
(1636, 163, 'Chucuito'),
(1637, 163, 'Coata'),
(1638, 163, 'Huata'),
(1639, 163, 'Mañazo'),
(1640, 163, 'Paucarcolla'),
(1641, 163, 'Pichacani'),
(1642, 163, 'Plateria'),
(1643, 163, 'San Antonio'),
(1644, 163, 'Tiquillaca'),
(1645, 163, 'Vilque'),
(1646, 164, 'Azángaro'),
(1647, 164, 'Achaya'),
(1648, 164, 'Arapa'),
(1649, 164, 'Asillo'),
(1650, 164, 'Caminaca'),
(1651, 164, 'Chupa'),
(1652, 164, 'José Domingo Choquehuanca'),
(1653, 164, 'Muñani'),
(1654, 164, 'Potoni'),
(1655, 164, 'Saman'),
(1656, 164, 'San Anton'),
(1657, 164, 'San José'),
(1658, 164, 'San Juan de Salinas'),
(1659, 164, 'Santiago de Pupuja'),
(1660, 164, 'Tirapata'),
(1661, 165, 'Macusani'),
(1662, 165, 'Ajoyani'),
(1663, 165, 'Ayapata'),
(1664, 165, 'Coasa'),
(1665, 165, 'Corani'),
(1666, 165, 'Crucero'),
(1667, 165, 'Ituata'),
(1668, 165, 'Ollachea'),
(1669, 165, 'San Gaban'),
(1670, 165, 'Usicayos'),
(1671, 166, 'Juli'),
(1672, 166, 'Desaguadero'),
(1673, 166, 'Huacullani'),
(1674, 166, 'Kelluyo'),
(1675, 166, 'Pisacoma'),
(1676, 166, 'Pomata'),
(1677, 166, 'Zepita'),
(1678, 167, 'Ilave'),
(1679, 167, 'Capazo'),
(1680, 167, 'Pilcuyo'),
(1681, 167, 'Santa Rosa'),
(1682, 167, 'Conduriri'),
(1683, 168, 'Huancane'),
(1684, 168, 'Cojata'),
(1685, 168, 'Huatasani'),
(1686, 168, 'Inchupalla'),
(1687, 168, 'Pusi'),
(1688, 168, 'Rosaspata'),
(1689, 168, 'Taraco'),
(1690, 168, 'Vilque Chico'),
(1691, 169, 'Lampa'),
(1692, 169, 'Cabanilla'),
(1693, 169, 'Calapuja'),
(1694, 169, 'Nicasio'),
(1695, 169, 'Ocuviri'),
(1696, 169, 'Palca'),
(1697, 169, 'Paratia'),
(1698, 169, 'Pucara'),
(1699, 169, 'Santa Lucia'),
(1700, 169, 'Vilavila'),
(1701, 170, 'Ayaviri'),
(1702, 170, 'Antauta'),
(1703, 170, 'Cupi'),
(1704, 170, 'Llalli'),
(1705, 170, 'Macari'),
(1706, 170, 'Nuñoa'),
(1707, 170, 'Orurillo'),
(1708, 170, 'Santa Rosa'),
(1709, 170, 'Umachiri'),
(1710, 171, 'Moho'),
(1711, 171, 'Conima'),
(1712, 171, 'Huayrapata'),
(1713, 171, 'Tilali'),
(1714, 172, 'Putina'),
(1715, 172, 'Ananea'),
(1716, 172, 'Pedro Vilca Apaza'),
(1717, 172, 'Quilcapuncu'),
(1718, 172, 'Sina'),
(1719, 173, 'Juliaca'),
(1720, 173, 'Cabana'),
(1721, 173, 'Cabanillas'),
(1722, 173, 'Caracoto'),
(1723, 173, 'San Miguel'),
(1724, 174, 'Sandia'),
(1725, 174, 'Cuyocuyo'),
(1726, 174, 'Limbani'),
(1727, 174, 'Patambuco'),
(1728, 174, 'Phara'),
(1729, 174, 'Quiaca'),
(1730, 174, 'San Juan del Oro'),
(1731, 174, 'Yanahuaya'),
(1732, 174, 'Alto Inambari'),
(1733, 174, 'San Pedro de Putina Punco'),
(1734, 175, 'Yunguyo'),
(1735, 175, 'Anapia'),
(1736, 175, 'Copani'),
(1737, 175, 'Cuturapi'),
(1738, 175, 'Ollaraya'),
(1739, 175, 'Tinicachi'),
(1740, 175, 'Unicachi'),
(1741, 176, 'Moyobamba'),
(1742, 176, 'Calzada'),
(1743, 176, 'Habana'),
(1744, 176, 'Jepelacio'),
(1745, 176, 'Soritor'),
(1746, 176, 'Yantalo'),
(1747, 177, 'Bellavista'),
(1748, 177, 'Alto Biavo'),
(1749, 177, 'Bajo Biavo'),
(1750, 177, 'Huallaga'),
(1751, 177, 'San Pablo'),
(1752, 177, 'San Rafael'),
(1753, 178, 'San José de Sisa'),
(1754, 178, 'Agua Blanca'),
(1755, 178, 'San Martín'),
(1756, 178, 'Santa Rosa'),
(1757, 178, 'Shatoja'),
(1758, 179, 'Saposoa'),
(1759, 179, 'Alto Saposoa'),
(1760, 179, 'El Eslabón'),
(1761, 179, 'Piscoyacu'),
(1762, 179, 'Sacanche'),
(1763, 179, 'Tingo de Saposoa'),
(1764, 180, 'Lamas'),
(1765, 180, 'Alonso de Alvarado'),
(1766, 180, 'Barranquita'),
(1767, 180, 'Caynarachi'),
(1768, 180, 'Cuñumbuqui'),
(1769, 180, 'Pinto Recodo'),
(1770, 180, 'Rumisapa'),
(1771, 180, 'San Roque de Cumbaza'),
(1772, 180, 'Shanao'),
(1773, 180, 'Tabalosos'),
(1774, 180, 'Zapatero'),
(1775, 181, 'Juanjuí'),
(1776, 181, 'Campanilla'),
(1777, 181, 'Huicungo'),
(1778, 181, 'Pachiza'),
(1779, 181, 'Pajarillo'),
(1780, 182, 'Picota'),
(1781, 182, 'Buenos Aires'),
(1782, 182, 'Caspisapa'),
(1783, 182, 'Pilluana'),
(1784, 182, 'Pucacaca'),
(1785, 182, 'San Cristóbal'),
(1786, 182, 'San Hilarión'),
(1787, 182, 'Shamboyacu'),
(1788, 182, 'Tingo de Ponasa'),
(1789, 182, 'Tres Unidos'),
(1790, 183, 'Rioja'),
(1791, 183, 'Awajun'),
(1792, 183, 'Elías Soplin Vargas'),
(1793, 183, 'Nueva Cajamarca'),
(1794, 183, 'Pardo Miguel'),
(1795, 183, 'Posic'),
(1796, 183, 'San Fernando'),
(1797, 183, 'Yorongos'),
(1798, 183, 'Yuracyacu'),
(1799, 184, 'Tarapoto'),
(1800, 184, 'Alberto Leveau'),
(1801, 184, 'Cacatachi'),
(1802, 184, 'Chazuta'),
(1803, 184, 'Chipurana'),
(1804, 184, 'El Porvenir'),
(1805, 184, 'Huimbayoc'),
(1806, 184, 'Juan Guerra'),
(1807, 184, 'La Banda de Shilcayo'),
(1808, 184, 'Morales'),
(1809, 184, 'Papaplaya'),
(1810, 184, 'San Antonio'),
(1811, 184, 'Sauce'),
(1812, 184, 'Shapaja'),
(1813, 185, 'Tocache'),
(1814, 185, 'Nuevo Progreso'),
(1815, 185, 'Polvora'),
(1816, 185, 'Shunte'),
(1817, 185, 'Uchiza'),
(1818, 186, 'Tacna'),
(1819, 186, 'Alto de la Alianza'),
(1820, 186, 'Calana'),
(1821, 186, 'Ciudad Nueva'),
(1822, 186, 'Inclan'),
(1823, 186, 'Pachia'),
(1824, 186, 'Palca'),
(1825, 186, 'Pocollay'),
(1826, 186, 'Sama'),
(1827, 186, 'Coronel Gregorio Albarracín Lanchipa'),
(1828, 186, 'La Yarada los Palos'),
(1829, 187, 'Candarave'),
(1830, 187, 'Cairani'),
(1831, 187, 'Camilaca'),
(1832, 187, 'Curibaya'),
(1833, 187, 'Huanuara'),
(1834, 187, 'Quilahuani'),
(1835, 188, 'Locumba'),
(1836, 188, 'Ilabaya'),
(1837, 188, 'Ite'),
(1838, 189, 'Tarata'),
(1839, 189, 'Héroes Albarracín'),
(1840, 189, 'Estique'),
(1841, 189, 'Estique-Pampa'),
(1842, 189, 'Sitajara'),
(1843, 189, 'Susapaya'),
(1844, 189, 'Tarucachi'),
(1845, 189, 'Ticaco'),
(1846, 190, 'Tumbes'),
(1847, 190, 'Corrales'),
(1848, 190, 'La Cruz'),
(1849, 190, 'Pampas de Hospital'),
(1850, 190, 'San Jacinto'),
(1851, 190, 'San Juan de la Virgen'),
(1852, 191, 'Zorritos'),
(1853, 191, 'Casitas'),
(1854, 191, 'Canoas de Punta Sal'),
(1855, 192, 'Zarumilla'),
(1856, 192, 'Aguas Verdes'),
(1857, 192, 'Matapalo'),
(1858, 192, 'Papayal'),
(1859, 193, 'Calleria'),
(1860, 193, 'Campoverde'),
(1861, 193, 'Iparia'),
(1862, 193, 'Masisea'),
(1863, 193, 'Yarinacocha'),
(1864, 193, 'Nueva Requena'),
(1865, 193, 'Manantay'),
(1866, 194, 'Raymondi'),
(1867, 194, 'Sepahua'),
(1868, 194, 'Tahuania'),
(1869, 194, 'Yurua'),
(1870, 195, 'Padre Abad'),
(1871, 195, 'Irazola'),
(1872, 195, 'Curimana'),
(1873, 195, 'Neshuya'),
(1874, 195, 'Alexander Von Humboldt'),
(1875, 196, 'Purus');

-- Insertar datos en la tabla Usuario
INSERT INTO Usuario (id, id_rol, password) VALUES 
(1, 2, 'xgljV766'),
(2, 2, 'ywizT19'),
(3, 1, 'kivwX48iL'),
(4, 1, 'uzsdR72K'),
(5, 1, 'vttrR09'),
(6, 1, 'ilocK65'),
(7, 1, 'vbvqK14'),
(8, 1, 'ylcvJ80'),
(9, 1, 'dxpyM00X'),
(10, 1, 'xxlzP18Z'),
(11, 1, 'hbogD32'),
(12, 1, 'cfwtA58'),
(13, 1, 'ubaqZ62X'),
(14, 1, 'tsesE48'),
(15, 1, 'umbbR86'),
(16, 1, 'luipI89'),
(17, 1, 'jlgcI42'),
(18, 1, 'gkucS16'),
(19, 1, 'lzkwV37'),
(20, 1, 'mjjrT50'),
(21, 1, 'qfggU33S6'),
(22, 1, 'coaiT92d'),
(23, 1, 'athpR07'),
(24, 1, 'fwuvJ77y8W'),
(25, 1, 'kcqyG34'),
(26, 1, 'nkmcZ53Sn'),
(27, 1, 'qppeN19tiX'),
(28, 1, 'nwybG55'),
(29, 1, 'sjmlX98'),
(30, 1, 'gdgtA05cy'),
(31, 1, 'rvksJ75xAH'),
(32, 1, 'ktelP21');

-- Insertar datos en la tabla Usuario
INSERT INTO Producto (id, nombre, precio, marca, descripcion, url, caracteristicas, stock, fecha_registro, id_serie, id_coleccion, id_categoria, id_estado) VALUES 
(1, 'LG Cookie Lite T300', 85.6, 'LG', 'descripcion general 2', 'https://resource.logitechg.com/w_692,c_lpad,ar_4:3,q_auto,f_auto,dpr_1.0/d_transparent.gif/content/dam/gaming/en/products/audio/g735-wireless-headset/gallery/g735-gallery-1.png?v=1', 'caracteristicas generales 4', 12, '2023-06-15', 2, 1, 3, 1),
(2, 'Yezz Andy C5ML', 114.1, 'Yezz', 'descripcion general 4', 'https://resource.logitechg.com/w_692,c_lpad,ar_4:3,q_auto,f_auto,dpr_1.0/d_transparent.gif/content/dam/gaming/en/products/audio/g735-wireless-headset/gallery/g735-gallery-1.png?v=1', 'caracteristicas generales 4', 8, '2023-07-20', 3, 3, 2, 1),
(3, 'Apple iPad Air', 94.0, 'Apple', 'descripcion general 8', 'https://resource.logitechg.com/w_692,c_lpad,ar_4:3,q_auto,f_auto,dpr_1.0/d_transparent.gif/content/dam/gaming/en/products/audio/g735-wireless-headset/gallery/g735-gallery-1.png?v=1', 'caracteristicas generales 5', 13, '2023-08-25', 1, 2, 3, 1),
(4, 'Samsung Galaxy S5 (USA)', 94.9, 'Samsung', 'descripcion general 1', 'https://resource.logitechg.com/w_692,c_lpad,ar_4:3,q_auto,f_auto,dpr_1.0/d_transparent.gif/content/dam/gaming/en/products/audio/g735-wireless-headset/gallery/g735-gallery-1.png?v=1', 'caracteristicas generales 8', 14, '2023-09-30', 1, 1, 3, 1),
(5, 'Palm Treo 750v', 102.6, 'Palm', 'descripcion general 5', 'https://resource.logitechg.com/w_692,c_lpad,ar_4:3,q_auto,f_auto,dpr_1.0/d_transparent.gif/content/dam/gaming/en/products/audio/g735-wireless-headset/gallery/g735-gallery-1.png?v=1', 'caracteristicas generales 9', 5, '2023-10-05', 1, 2, 3, 1),
(6, 'Micromax Q55 Bling', 197.7, 'Micromax', 'descripcion general 8', 'https://resource.logitechg.com/w_692,c_lpad,ar_4:3,q_auto,f_auto,dpr_1.0/d_transparent.gif/content/dam/gaming/en/products/audio/g735-wireless-headset/gallery/g735-gallery-1.png?v=1', 'caracteristicas generales 0', 12, '2023-11-10', 3, 3, 1, 1),
(7, 'Micromax X256', 172.0, 'Micromax', 'descripcion general 5', 'https://resource.logitechg.com/w_692,c_lpad,ar_4:3,q_auto,f_auto,dpr_1.0/d_transparent.gif/content/dam/gaming/en/products/audio/g735-wireless-headset/gallery/g735-gallery-1.png?v=1', 'caracteristicas generales 0', 19, '2023-12-15', 3, 3, 3, 1),
(8, 'alcatel OT-C652', 95.7, 'alcatel', 'descripcion general 6', 'https://resource.logitechg.com/w_692,c_lpad,ar_4:3,q_auto,f_auto,dpr_1.0/d_transparent.gif/content/dam/gaming/en/products/audio/g735-wireless-headset/gallery/g735-gallery-1.png?v=1', 'caracteristicas generales 2', 18, '2023-01-20', 1, 1, 3, 1),
(9, 'Sharp Aquos R2', 108.6, 'Sharp', 'descripcion general 9', 'https://resource.logitechg.com/w_692,c_lpad,ar_4:3,q_auto,f_auto,dpr_1.0/d_transparent.gif/content/dam/gaming/en/products/audio/g735-wireless-headset/gallery/g735-gallery-1.png?v=1', 'caracteristicas generales 8', 13, '2023-02-25', 1, 2, 3, 1),
(10, 'Samsung N500', 130.5, 'Samsung', 'descripcion general 6', 'https://resource.logitechg.com/w_692,c_lpad,ar_4:3,q_auto,f_auto,dpr_1.0/d_transparent.gif/content/dam/gaming/en/products/audio/g735-wireless-headset/gallery/g735-gallery-1.png?v=1', 'caracteristicas generales 9', 18, '2023-03-30', 3, 2, 3, 1),
(11, 'Sony Xperia Z3', 92.8, 'Sony', 'descripcion general 5', 'https://resource.logitechg.com/w_692,c_lpad,ar_4:3,q_auto,f_auto,dpr_1.0/d_transparent.gif/content/dam/gaming/en/products/audio/g735-wireless-headset/gallery/g735-gallery-1.png?v=1', 'caracteristicas generales 3', 18, '2023-04-05', 2, 1, 1, 1),
(12, 'BlackBerry Storm2 9520', 73.9, 'BlackBerry', 'descripcion general 3', 'https://resource.logitechg.com/w_692,c_lpad,ar_4:3,q_auto,f_auto,dpr_1.0/d_transparent.gif/content/dam/gaming/en/products/audio/g735-wireless-headset/gallery/g735-gallery-1.png?v=1', 'caracteristicas generales 3', 9, '2023-05-10', 1, 3, 1, 1),
(13, 'Spice M-4250', 136.0, 'Spice', 'descripcion general 7', 'https://resource.logitechg.com/w_692,c_lpad,ar_4:3,q_auto,f_auto,dpr_1.0/d_transparent.gif/content/dam/gaming/en/products/audio/g735-wireless-headset/gallery/g735-gallery-1.png?v=1', 'caracteristicas generales 6', 19, '2023-06-15', 2, 3, 2, 1),
(14, 'Wiko Goa', 133.7, 'Wiko', 'descripcion general 8', 'https://resource.logitechg.com/w_692,c_lpad,ar_4:3,q_auto,f_auto,dpr_1.0/d_transparent.gif/content/dam/gaming/en/products/audio/g735-wireless-headset/gallery/g735-gallery-1.png?v=1', 'caracteristicas generales 8', 8, '2023-07-20', 3, 1, 1, 1),
(15, 'LG KM500', 107.4, 'LG', 'descripcion general 6', 'https://resource.logitechg.com/w_692,c_lpad,ar_4:3,q_auto,f_auto,dpr_1.0/d_transparent.gif/content/dam/gaming/en/products/audio/g735-wireless-headset/gallery/g735-gallery-1.png?v=1', 'caracteristicas generales 0', 19, '2023-08-25', 1, 2, 2, 1),
(16, 'BQ Aquaris U2', 155.2, 'BQ', 'descripcion general 4', 'https://resource.logitechg.com/w_692,c_lpad,ar_4:3,q_auto,f_auto,dpr_1.0/d_transparent.gif/content/dam/gaming/en/products/audio/g735-wireless-headset/gallery/g735-gallery-1.png?v=1', 'caracteristicas generales 5', 12, '2023-09-30', 3, 2, 2, 1),
(17, 'Sony Xperia Z4v', 133.7, 'Sony', 'descripcion general 2', 'https://resource.logitechg.com/w_692,c_lpad,ar_4:3,q_auto,f_auto,dpr_1.0/d_transparent.gif/content/dam/gaming/en/products/audio/g735-wireless-headset/gallery/g735-gallery-1.png?v=1', 'caracteristicas generales 7', 13, '2023-10-05', 2, 3, 3, 1),
(18, 'alcatel One Touch Tab 8 HD', 174.1, 'alcatel', 'descripcion general 7', 'https://resource.logitechg.com/w_692,c_lpad,ar_4:3,q_auto,f_auto,dpr_1.0/d_transparent.gif/content/dam/gaming/en/products/audio/g735-wireless-headset/gallery/g735-gallery-1.png?v=1', 'caracteristicas generales 6', 17, '2023-11-10', 1, 3, 1, 1),
(19, 'Samsung X540', 52.6, 'Samsung', 'descripcion general 2', 'https://resource.logitechg.com/w_692,c_lpad,ar_4:3,q_auto,f_auto,dpr_1.0/d_transparent.gif/content/dam/gaming/en/products/audio/g735-wireless-headset/gallery/g735-gallery-1.png?v=1', 'caracteristicas generales 9', 9, '2023-12-15', 3, 1, 3, 1),
(20, 'Samsung T400', 55.4, 'Samsung', 'descripcion general 7', 'https://resource.logitechg.com/w_692,c_lpad,ar_4:3,q_auto,f_auto,dpr_1.0/d_transparent.gif/content/dam/gaming/en/products/audio/g735-wireless-headset/gallery/g735-gallery-1.png?v=1', 'caracteristicas generales 5', 7, '2023-01-20', 2, 3, 1, 1),
(21, 'Panasonic A200', 193.5, 'Panasonic', 'descripcion general 7', 'https://resource.logitechg.com/w_692,c_lpad,ar_4:3,q_auto,f_auto,dpr_1.0/d_transparent.gif/content/dam/gaming/en/products/audio/g735-wireless-headset/gallery/g735-gallery-1.png?v=1', 'caracteristicas generales 2', 7, '2023-02-25', 3, 1, 2, 1),
(22, 'Lava 3G 402+', 170.3, 'Lava', 'descripcion general 3', 'https://resource.logitechg.com/w_692,c_lpad,ar_4:3,q_auto,f_auto,dpr_1.0/d_transparent.gif/content/dam/gaming/en/products/audio/g735-wireless-headset/gallery/g735-gallery-1.png?v=1', 'caracteristicas generales 4', 5, '2023-03-30', 2, 2, 2, 1),
(23, 'Mitsubishi Trium Geo', 87.1, 'Mitsubishi', 'descripcion general 3', 'https://resource.logitechg.com/w_692,c_lpad,ar_4:3,q_auto,f_auto,dpr_1.0/d_transparent.gif/content/dam/gaming/en/products/audio/g735-wireless-headset/gallery/g735-gallery-1.png?v=1', 'caracteristicas generales 0', 13, '2023-04-05', 3, 3, 2, 1),
(24, 'Motorola E11', 66.8, 'Motorola', 'descripcion general 3', 'https://resource.logitechg.com/w_692,c_lpad,ar_4:3,q_auto,f_auto,dpr_1.0/d_transparent.gif/content/dam/gaming/en/products/audio/g735-wireless-headset/gallery/g735-gallery-1.png?v=1', 'caracteristicas generales 8', 13, '2023-05-10', 3, 2, 2, 1),
(25, 'Samsung R351 Freeform', 71.3, 'Samsung', 'descripcion general 5', 'https://resource.logitechg.com/w_692,c_lpad,ar_4:3,q_auto,f_auto,dpr_1.0/d_transparent.gif/content/dam/gaming/en/products/audio/g735-wireless-headset/gallery/g735-gallery-1.png?v=1', 'caracteristicas generales 7', 13, '2023-06-15', 1, 1, 3, 1),
(26, 'HTC Desire 820G+ dual sim', 90.6, 'HTC', 'descripcion general 5', 'https://resource.logitechg.com/w_692,c_lpad,ar_4:3,q_auto,f_auto,dpr_1.0/d_transparent.gif/content/dam/gaming/en/products/audio/g735-wireless-headset/gallery/g735-gallery-1.png?v=1', 'caracteristicas generales 4', 19, '2023-07-20', 3, 1, 2, 1),
(27, 'LG X mach', 96.4, 'LG', 'descripcion general 6', 'https://resource.logitechg.com/w_692,c_lpad,ar_4:3,q_auto,f_auto,dpr_1.0/d_transparent.gif/content/dam/gaming/en/products/audio/g735-wireless-headset/gallery/g735-gallery-1.png?v=1', 'caracteristicas generales 9', 10, '2023-08-25', 2, 2, 2, 1),
(28, 'Huawei Ascend Y511', 126.4, 'Huawei', 'descripcion general 7', 'https://resource.logitechg.com/w_692,c_lpad,ar_4:3,q_auto,f_auto,dpr_1.0/d_transparent.gif/content/dam/gaming/en/products/audio/g735-wireless-headset/gallery/g735-gallery-1.png?v=1', 'caracteristicas generales 6', 5, '2023-09-30', 1, 2, 3, 1),
(29, 'HTC One M9+ Supreme Camera', 51.1, 'HTC', 'descripcion general 2', 'https://resource.logitechg.com/w_692,c_lpad,ar_4:3,q_auto,f_auto,dpr_1.0/d_transparent.gif/content/dam/gaming/en/products/audio/g735-wireless-headset/gallery/g735-gallery-1.png?v=1', 'caracteristicas generales 2', 5, '2023-10-05', 1, 3, 2, 1),
(30, 'ZTE Blade A6', 61.5, 'ZTE', 'descripcion general 9', 'https://resource.logitechg.com/w_692,c_lpad,ar_4:3,q_auto,f_auto,dpr_1.0/d_transparent.gif/content/dam/gaming/en/products/audio/g735-wireless-headset/gallery/g735-gallery-1.png?v=1', 'caracteristicas generales 8', 6, '2023-11-10', 3, 1, 1, 1),
(31, 'Lenovo Yoga Tab 3 8.0', 63.3, 'Lenovo', 'descripcion general 3', 'https://resource.logitechg.com/w_692,c_lpad,ar_4:3,q_auto,f_auto,dpr_1.0/d_transparent.gif/content/dam/gaming/en/products/audio/g735-wireless-headset/gallery/g735-gallery-1.png?v=1', 'caracteristicas generales 3', 10, '2023-12-15', 3, 1, 1, 1),
(32, 'Cat S31', 61.2, 'Cat', 'descripcion general 1', 'https://resource.logitechg.com/w_692,c_lpad,ar_4:3,q_auto,f_auto,dpr_1.0/d_transparent.gif/content/dam/gaming/en/products/audio/g735-wireless-headset/gallery/g735-gallery-1.png?v=1', 'caracteristicas generales 3', 8, '2023-01-20', 3, 2, 2, 1),
(33, 'i-mate Ultimate 5150', 57.9, 'i-mate', 'descripcion general 7', 'https://resource.logitechg.com/w_692,c_lpad,ar_4:3,q_auto,f_auto,dpr_1.0/d_transparent.gif/content/dam/gaming/en/products/audio/g735-wireless-headset/gallery/g735-gallery-1.png?v=1', 'caracteristicas generales 2', 10, '2023-02-25', 1, 2, 1, 1),
(34, 'Chea 318', 63.6, 'Chea', 'descripcion general 3', 'https://resource.logitechg.com/w_692,c_lpad,ar_4:3,q_auto,f_auto,dpr_1.0/d_transparent.gif/content/dam/gaming/en/products/audio/g735-wireless-headset/gallery/g735-gallery-1.png?v=1', 'caracteristicas generales 5', 7, '2023-03-30', 1, 1, 2, 1),
(35, 'Acer Iconia Tab A500', 132.6, 'Acer', 'descripcion general 7', 'https://resource.logitechg.com/w_692,c_lpad,ar_4:3,q_auto,f_auto,dpr_1.0/d_transparent.gif/content/dam/gaming/en/products/audio/g735-wireless-headset/gallery/g735-gallery-1.png?v=1', 'caracteristicas generales 2', 15, '2023-04-05', 1, 2, 1, 1),
(36, 'BLU Dash M', 171.3, 'BLU', 'descripcion general 6', 'https://resource.logitechg.com/w_692,c_lpad,ar_4:3,q_auto,f_auto,dpr_1.0/d_transparent.gif/content/dam/gaming/en/products/audio/g735-wireless-headset/gallery/g735-gallery-1.png?v=1', 'caracteristicas generales 8', 12, '2023-05-10', 1, 3, 1, 1),
(37, 'Siemens C35', 144.4, 'Siemens', 'descripcion general 0', 'https://resource.logitechg.com/w_692,c_lpad,ar_4:3,q_auto,f_auto,dpr_1.0/d_transparent.gif/content/dam/gaming/en/products/audio/g735-wireless-headset/gallery/g735-gallery-1.png?v=1', 'caracteristicas generales 1', 15, '2023-06-15', 2, 1, 1, 1),
(38, 'Sony Ericsson W705', 168.2, 'Sony', 'descripcion general 8', 'https://resource.logitechg.com/w_692,c_lpad,ar_4:3,q_auto,f_auto,dpr_1.0/d_transparent.gif/content/dam/gaming/en/products/audio/g735-wireless-headset/gallery/g735-gallery-1.png?v=1', 'caracteristicas generales 8', 11, '2023-07-20', 2, 3, 1, 1),
(39, 'Allview P8 Energy', 85.4, 'Allview', 'descripcion general 8', 'https://resource.logitechg.com/w_692,c_lpad,ar_4:3,q_auto,f_auto,dpr_1.0/d_transparent.gif/content/dam/gaming/en/products/audio/g735-wireless-headset/gallery/g735-gallery-1.png?v=1', 'caracteristicas generales 9', 14, '2023-08-25', 2, 3, 2, 1),
(40, 'Asus P735', 79.6, 'Asus', 'descripcion general 6', 'https://resource.logitechg.com/w_692,c_lpad,ar_4:3,q_auto,f_auto,dpr_1.0/d_transparent.gif/content/dam/gaming/en/products/audio/g735-wireless-headset/gallery/g735-gallery-1.png?v=1', 'caracteristicas generales 5', 7, '2023-09-30', 3, 2, 3, 1),
(41, 'Sagem MY V-85', 133.7, 'Sagem', 'descripcion general 1', 'https://resource.logitechg.com/w_692,c_lpad,ar_4:3,q_auto,f_auto,dpr_1.0/d_transparent.gif/content/dam/gaming/en/products/audio/g735-wireless-headset/gallery/g735-gallery-1.png?v=1', 'caracteristicas generales 9', 8, '2023-10-05', 2, 1, 1, 1),
(42, 'LG A180', 188.6, 'LG', 'descripcion general 7', 'https://resource.logitechg.com/w_692,c_lpad,ar_4:3,q_auto,f_auto,dpr_1.0/d_transparent.gif/content/dam/gaming/en/products/audio/g735-wireless-headset/gallery/g735-gallery-1.png?v=1', 'caracteristicas generales 7', 15, '2023-11-10', 3, 2, 1, 1),
(43, 'Motorola T180', 133.5, 'Motorola', 'descripcion general 9', 'https://resource.logitechg.com/w_692,c_lpad,ar_4:3,q_auto,f_auto,dpr_1.0/d_transparent.gif/content/dam/gaming/en/products/audio/g735-wireless-headset/gallery/g735-gallery-1.png?v=1', 'caracteristicas generales 6', 17, '2023-12-15', 1, 1, 2, 1),
(44, 'Motorola Moto E6s (2020)', 199.1, 'Motorola', 'descripcion general 9', 'https://resource.logitechg.com/w_692,c_lpad,ar_4:3,q_auto,f_auto,dpr_1.0/d_transparent.gif/content/dam/gaming/en/products/audio/g735-wireless-headset/gallery/g735-gallery-1.png?v=1', 'caracteristicas generales 3', 5, '2023-01-20', 3, 2, 3, 1),
(45, 'LG KG280', 157.0, 'LG', 'descripcion general 1', 'https://resource.logitechg.com/w_692,c_lpad,ar_4:3,q_auto,f_auto,dpr_1.0/d_transparent.gif/content/dam/gaming/en/products/audio/g735-wireless-headset/gallery/g735-gallery-1.png?v=1', 'caracteristicas generales 4', 7, '2023-02-25', 2, 3, 1, 1),
(46, 'Acer neoTouch', 166.7, 'Acer', 'descripcion general 3', 'https://resource.logitechg.com/w_692,c_lpad,ar_4:3,q_auto,f_auto,dpr_1.0/d_transparent.gif/content/dam/gaming/en/products/audio/g735-wireless-headset/gallery/g735-gallery-1.png?v=1', 'caracteristicas generales 8', 7, '2023-03-30', 3, 2, 3, 1),
(47, 'Samsung Galaxy Prevail', 114.8, 'Samsung', 'descripcion general 3', 'https://resource.logitechg.com/w_692,c_lpad,ar_4:3,q_auto,f_auto,dpr_1.0/d_transparent.gif/content/dam/gaming/en/products/audio/g735-wireless-headset/gallery/g735-gallery-1.png?v=1', 'caracteristicas generales 6', 12, '2023-04-05', 3, 2, 1, 1),
(48, 'alcatel OT-710', 188.4, 'alcatel', 'descripcion general 8', 'https://resource.logitechg.com/w_692,c_lpad,ar_4:3,q_auto,f_auto,dpr_1.0/d_transparent.gif/content/dam/gaming/en/products/audio/g735-wireless-headset/gallery/g735-gallery-1.png?v=1', 'caracteristicas generales 3', 5, '2023-05-10', 3, 2, 3, 1),
(49, 'Samsung R351 Freeform', 198.4, 'Samsung', 'descripcion general 5', 'https://resource.logitechg.com/w_692,c_lpad,ar_4:3,q_auto,f_auto,dpr_1.0/d_transparent.gif/content/dam/gaming/en/products/audio/g735-wireless-headset/gallery/g735-gallery-1.png?v=1', 'caracteristicas generales 5', 18, '2023-06-15', 1, 2, 1, 1),
(50, 'Nokia C5 5MP', 114.6, 'Nokia', 'descripcion general 8', 'https://resource.logitechg.com/w_692,c_lpad,ar_4:3,q_auto,f_auto,dpr_1.0/d_transparent.gif/content/dam/gaming/en/products/audio/g735-wireless-headset/gallery/g735-gallery-1.png?v=1', 'caracteristicas generales 1', 14, '2023-07-20', 3, 3, 1, 1);

-- Insertar datos en la tabla Cliente
INSERT INTO Cliente (id, nombre, apellido, fecha_registro, correo, id_usuario, id_estado) VALUES 
(1, 'Fredrika', 'Birk', '2024-02-14 15:51:23', 'fbirk0@loc.gov', 1, 1),
(2, 'Felice', 'Smaile', '2024-05-07 19:18:45', 'fsmaile1@studiopress.com', 2, 2),
(3, 'Allyn', 'McCarron', '2023-12-02 03:26:09', 'amccarron2@sciencedirect.com', 3, 1),
(4, 'Alec', 'Hilbourne', '2023-07-07 07:21:34', 'ahilbourne3@purevolume.com', 4, 2),
(5, 'Vachel', 'Feehery', '2024-02-03 13:01:32', 'vfeehery4@pbs.org', 5, 1),
(6, 'Brynne', 'Winks', '2024-05-03 00:06:56', 'bwinks5@senate.gov', 6, 1),
(7, 'Ashlin', 'MacClure', '2023-06-04 19:50:55', 'amacclure6@lycos.com', 7, 1),
(8, 'Garner', 'Jorissen', '2024-07-23 04:44:26', 'gjorissen7@blinklist.com', 8, 1),
(9, 'Pinchas', 'Rounsivall', '2024-06-08 18:37:52', 'prounsivall8@freewebs.com', 9, 1),
(10, 'Shelli', 'Majury', '2023-11-17 05:16:34', 'smajury9@blogger.com', 10, 2),
(11, 'Anetta', 'de Broke', '2024-03-21 00:02:08', 'adebrokea@multiply.com', 11, 1),
(12, 'Godfrey', 'Challiner', '2024-03-20 10:32:05', 'gchallinerb@wunderground.com', 12, 2),
(13, 'Nyssa', 'Mursell', '2024-03-12 05:43:18', 'nmursellc@clickbank.net', 13, 1),
(14, 'Dianne', 'Ruffy', '2024-01-04 22:12:23', 'druffyd@ezinearticles.com', 14, 1),
(15, 'Shani', 'Sheekey', '2023-12-28 07:42:19', 'ssheekeye@europa.eu', 15, 2),
(16, 'Jedd', 'Flippen', '2024-07-02 10:54:57', 'jflippenf@blinklist.com', 16, 2),
(17, 'Barby', 'Ramelet', '2023-08-29 08:10:26', 'brameletg@shop-pro.jp', 17, 2),
(18, 'Thaddus', 'Francesco', '2024-03-09 09:37:15', 'tfrancescoh@sina.com.cn', 18, 1),
(19, 'Kylie', 'Simmons', '2024-01-06 20:25:06', 'ksimmonsi@deliciousdays.com', 19, 1),
(20, 'Flynn', 'De La Coste', '2024-03-05 00:31:31', 'fdelacostej@wikispaces.com', 20, 1),
(21, 'Leona', 'Mawer', '2023-08-09 21:42:14', 'lmawerk@scientificamerican.com', 21, 2),
(22, 'Durante', 'Abbots', '2024-05-17 16:32:26', 'dabbotsl@noaa.gov', 22, 1),
(23, 'Shea', 'Nudd', '2023-09-09 04:40:05', 'snuddm@ning.com', 23, 2),
(24, 'Westbrook', 'Canizares', '2024-06-29 03:44:53', 'wcanizaresn@people.com.cn', 24, 1),
(25, 'Cherise', 'Wild', '2024-01-30 12:24:53', 'cwildo@bloglovin.com', 25, 2),
(26, 'Cary', 'Clinch', '2024-07-08 03:18:31', 'cclinchp@yellowbook.com', 26, 2),
(27, 'Corby', 'Zumbusch', '2023-09-05 19:32:11', 'czumbuschq@qq.com', 27, 2),
(28, 'Frazier', 'Pidgin', '2023-08-01 01:42:49', 'fpidginr@who.int', 28, 2),
(29, 'Lavina', 'Ladlow', '2023-10-26 23:58:43', 'lladlows@lycos.com', 29, 1),
(30, 'Francois', 'Meechan', '2023-07-02 05:42:36', 'fmeechant@google.com.hk', 30, 2),
(31, 'Cacilia', 'Chateau', '2024-04-05 18:09:48', 'cchateauu@dell.com', 31, 1),
(32, 'Angel', 'Hazleton', '2024-06-17 13:04:01', 'ahazletonv@cam.ac.uk', 32, 1);

-- Insertar datos en la tabla MedioPago
INSERT INTO MedioPago (id, numero, nombre, vencimiento, id_cliente, id_pago) values 
(1, '191899768669561', 'Mitch', '2024-05-10 07:00:45', 2, 2),
(2, '3438852864258057', 'Carolus', '2024-05-20 14:30:55', 3, 2),
(3, '6108682470615254', 'Adore', '2025-07-04 10:45:44', 4, 2),
(4, '3578013655384845', 'Danie', '2025-06-04 17:59:11', 5, 2),
(5, '5594442482721736', 'Chanda', '2024-02-01 17:15:45', 6, 2),
(6, '2369610882553211', 'Davita', '2025-05-11 12:44:49', 7, 2),
(7, '8955811574112920', 'Dixie', '2024-12-24 20:16:20', 8, 2),
(8, '604789984638143', 'Geneva', '2024-03-06 16:45:19', 9, 2),
(9, '6734394227988951', 'Anthea', '2025-03-10 11:10:34', 10, 2),
(10, '3979260682073847', 'Dee', '2025-10-23 07:30:31', 11, 2),
(11, '1663175590624025', 'Willie', '2024-11-08 00:20:48', 12, 2),
(12, '4803225876482999', 'Alphard', '2024-10-27 09:49:08', 13, 2),
(13, '8566144869806740', 'Birgitta', '2025-11-13 12:18:19', 14, 2),
(14, '2737496239907295', 'Ebenezer', '2025-05-05 21:20:58', 15, 2),
(15, '8024832621888631', 'Conchita', '2024-08-27 19:05:24', 16, 2),
(16, '1939215672208292', 'Carl', '2025-02-02 01:05:41', 17, 2),
(17, '8346685076005848', 'Bibby', '2024-11-20 09:22:50', 18, 2),
(18, '5030875992350356', 'Cristen', '2025-11-22 09:18:52', 19, 2),
(19, '1674905305103275', 'Aidan', '2025-02-06 02:04:17', 20, 2),
(20, '134097391024941', 'Emmott', '2024-04-02 06:44:00', 21, 2),
(21, '6146924864532095', 'Fulton', '2024-10-26 20:03:49', 22, 2),
(22, '6015698795958315', 'Aubrey', '2024-12-11 05:08:24', 23, 2),
(23, '8921119215255711', 'Phylis', '2025-04-26 20:51:34', 24, 2),
(24, '1989809814163431', 'Carie', '2025-04-29 21:51:36', 25, 2),
(25, '1905308361602223', 'Jim', '2025-09-13 12:02:43', 26, 2),
(26, '1031107048619176', 'Omero', '2025-04-12 07:43:25', 27, 2),
(27, '7302136305408984', 'Tudor', '2025-06-26 02:36:18', 28, 2),
(28, '6942941138900509', 'Allyce', '2025-11-11 06:04:56', 29, 2),
(29, '3701751269934858', 'Artemas', '2024-08-17 00:28:31', 30, 2),
(30, '169115793281566', 'Samantha', '2024-02-22 01:11:43', 31, 2),
(31, '2923421990161397', 'Malorie', '2024-02-17 04:55:07', 32, 2),
(32, '8415629350901479', 'Earvin', '2024-02-12 07:05:39', 2, 2),
(33, '4918185323962718', 'Sib', '2025-07-30 01:15:52', 3, 2),
(34, '8505016323912688', 'Cally', '2025-01-30 22:15:31', 4, 2),
(35, '5608564911131190', 'Lane', '2025-06-22 10:16:09', 5, 2),
(36, '4776901289330984', 'Bondon', '2024-06-02 23:12:23', 6, 2),
(37, '7917052235967055', 'Evania', '2025-01-06 08:46:29', 7, 2),
(38, '6741820068880697', 'Annissa', '2025-09-17 03:55:09', 8, 2),
(39, '5022828316540435', 'Timmie', '2024-12-21 23:29:14', 9, 2),
(40, '838511786613193', 'Shauna', '2024-06-10 23:43:01', 10, 2),
(41, '8563057662225881', 'Dorelle', '2024-08-21 16:15:28', 11, 2),
(42, '6567844697151379', 'Ilka', '2024-03-13 03:08:00', 12, 2),
(43, '5500008513502463', 'Abbe', '2025-11-11 05:46:43', 13, 2),
(44, '7265362001066910', 'Jard', '2025-11-23 23:38:31', 14, 2),
(45, '7370159522594455', 'Lorain', '2024-08-30 15:45:43', 15, 2),
(46, '2003978561047196', 'Morton', '2024-10-14 03:03:06', 16, 2),
(47, '6779442074531663', 'Sibylle', '2025-02-04 17:35:21', 17, 2),
(48, '5870636736067930', 'Belicia', '2024-05-10 02:49:37', 18, 2),
(49, '8667530718393993', 'Marwin', '2024-12-16 13:05:44', 19, 2),
(50, '4154283953470423', 'Cassey', '2025-05-25 19:20:41', 20, 2),
(51, '3394753427485246', 'Amara', '2025-03-22 13:05:54', 21, 2),
(52, '6307474365963666', 'Caitrin', '2024-12-22 13:44:59', 22, 2),
(53, '5049017310271215', 'Ciel', '2025-10-14 05:11:33', 23, 2),
(54, '8270583777510791', 'Dimitry', '2025-07-24 07:10:30', 24, 2),
(55, '1045502213080674', 'Jasmin', '2025-07-11 04:37:03', 25, 2),
(56, '6192787675793489', 'Skippie', '2024-04-16 09:33:34', 26, 2),
(57, '3836004367922869', 'Eden', '2024-07-21 01:06:24', 27, 2),
(58, '1551702980388510', 'Mischa', '2025-11-12 04:00:11', 28, 2),
(59, '8805756534753908', 'Evania', '2025-06-12 04:42:12', 29, 2),
(60, '603701242959791', 'Elnar', '2025-01-17 22:04:03', 30, 2);

-- Insertar datos en la tabla ClienteDireccion
INSERT INTO ClienteDireccion (id, avenida, numero, referencia, id_cliente, id_distrito) values
(1, 'Declaration', '24350', 'Center', 29, 429),
(2, 'Sutherland', '5', 'Road', 5, 253),
(3, 'Coleman', '6', 'Trail', 23, 1789),
(4, 'Waubesa', '0614', 'Drive', 5, 701),
(5, 'Weeping Birch', '24034', 'Avenue', 24, 1105),
(6, 'Grasskamp', '718', 'Avenue', 2, 1434),
(7, 'Linden', '20', 'Alley', 8, 480),
(8, 'Memorial', '0', 'Junction', 15, 278),
(9, 'Luster', '4821', 'Pass', 30, 1438),
(10, 'Red Cloud', '40', 'Street', 3, 869),
(11, 'Mcbride', '783', 'Road', 6, 1582),
(12, 'Kinsman', '6996', 'Circle', 13, 1086),
(13, 'Mcguire', '78', 'Parkway', 7, 198),
(14, 'Debra', '351', 'Junction', 20, 1764),
(15, 'Crescent Oaks', '6882', 'Park', 29, 1423),
(16, 'Novick', '1', 'Street', 17, 636),
(17, 'Menomonie', '811', 'Trail', 29, 1073),
(18, 'Ridgeway', '2363', 'Street', 17, 685),
(19, 'Pennsylvania', '77', 'Hill', 22, 9),
(20, 'Dunning', '26', 'Place', 12, 781),
(21, 'Jenifer', '37', 'Lane', 5, 1741),
(22, 'Cambridge', '50', 'Road', 32, 1836),
(23, 'Stoughton', '57415', 'Hill', 2, 1342),
(24, 'Bluejay', '2', 'Road', 29, 821),
(25, 'Anniversary', '388', 'Court', 29, 862),
(26, 'Ramsey', '24', 'Center', 26, 383),
(27, 'Buell', '955', 'Park', 11, 782),
(28, 'Melody', '5', 'Parkway', 31, 506),
(29, 'Kropf', '6214', 'Trail', 30, 133),
(30, 'Larry', '942', 'Way', 10, 946),
(31, 'Kennedy', '193', 'Place', 13, 515),
(32, 'Washington', '93145', 'Crossing', 10, 475),
(33, 'Blaine', '785', 'Circle', 7, 1484),
(34, 'Redwing', '545', 'Trail', 17, 814),
(35, 'Messerschmidt', '6', 'Street', 8, 512),
(36, 'Maple', '883', 'Parkway', 24, 1136),
(37, 'Atwood', '8113', 'Road', 21, 175),
(38, 'Lien', '35', 'Street', 32, 1278),
(39, 'Bowman', '755', 'Junction', 12, 821),
(40, 'Sherman', '80', 'Road', 22, 169),
(41, 'Stang', '45', 'Trail', 29, 867),
(42, 'Merry', '44234', 'Circle', 21, 1828),
(43, 'Kropf', '3', 'Avenue', 15, 510),
(44, 'Stoughton', '01', 'Circle', 4, 1719),
(45, 'Hollow Ridge', '8449', 'Parkway', 15, 1410),
(46, 'Randy', '9031', 'Plaza', 17, 1633),
(47, 'Maryland', '898', 'Center', 19, 1437),
(48, 'Farmco', '087', 'Avenue', 20, 707),
(49, 'Hanover', '7', 'Circle', 28, 870),
(50, 'Hauk', '6997', 'Crossing', 6, 1655),
(51, 'Fairview', '4', 'Way', 8, 410),
(52, 'Mifflin', '15753', 'Parkway', 22, 633),
(53, 'Dwight', '7', 'Junction', 2, 23),
(54, 'Derek', '8149', 'Hill', 20, 245),
(55, 'Fuller', '4', 'Park', 31, 64),
(56, 'Bashford', '84270', 'Park', 20, 644),
(57, 'Eggendart', '724', 'Crossing', 28, 403),
(58, 'Express', '26618', 'Crossing', 4, 809),
(59, 'Lighthouse Bay', '6940', 'Point', 19, 525),
(60, 'Laurel', '07192', 'Drive', 7, 44),
(61, 'Hollow Ridge', '8', 'Road', 19, 1607),
(62, 'Myrtle', '5', 'Pass', 4, 566),
(63, 'Namekagon', '09', 'Terrace', 15, 1450),
(64, 'Holy Cross', '32', 'Center', 11, 1573),
(65, 'Del Sol', '7789', 'Park', 20, 1698),
(66, 'Birchwood', '105', 'Center', 29, 689),
(67, 'Gulseth', '4118', 'Street', 12, 1425),
(68, 'Lyons', '199', 'Place', 32, 47),
(69, 'Ridgeway', '22612', 'Way', 26, 1640),
(70, 'Mifflin', '9', 'Place', 5, 1314),
(71, 'Chive', '5198', 'Circle', 6, 525),
(72, 'Vidon', '3', 'Center', 20, 1047),
(73, 'Coolidge', '18', 'Place', 11, 1290),
(74, 'Fisk', '8', 'Center', 18, 1419),
(75, 'Hauk', '0', 'Pass', 25, 1068),
(76, 'Granby', '3335', 'Lane', 20, 1539),
(77, 'Brown', '340', 'Point', 22, 1790),
(78, 'Commercial', '78920', 'Circle', 32, 1710),
(79, 'Raven', '6062', 'Alley', 8, 280),
(80, 'Gerald', '03', 'Plaza', 30, 1634),
(81, 'Lerdahl', '47', 'Place', 26, 561),
(82, 'Wayridge', '5104', 'Point', 17, 408),
(83, 'Mesta', '4082', 'Road', 19, 1659),
(84, 'Dwight', '3', 'Circle', 15, 628),
(85, 'Maple', '24', 'Place', 19, 708),
(86, 'Iowa', '52726', 'Road', 25, 1171),
(87, 'Porter', '7060', 'Junction', 3, 150),
(88, 'Hoard', '49', 'Court', 12, 179),
(89, 'Logan', '46954', 'Drive', 9, 118),
(90, 'Stephen', '017', 'Alley', 7, 1279),
(91, 'Orin', '8', 'Drive', 26, 1690),
(92, 'Grasskamp', '472', 'Place', 11, 1713),
(93, 'Sunfield', '1', 'Plaza', 18, 1348),
(94, 'Comanche', '8', 'Alley', 6, 1238),
(95, 'Barby', '70124', 'Center', 16, 157),
(96, 'Mariners Cove', '25876', 'Point', 3, 415),
(97, 'Lakeland', '38', 'Court', 29, 1066),
(98, 'Meadow Vale', '6076', 'Terrace', 23, 1754),
(99, 'Talmadge', '453', 'Road', 20, 1210),
(100, 'Norway Maple', '4', 'Road', 29, 1595);

-- Insertar datos en la tabla Orden
INSERT INTO Orden (id, fecha, sub_total, impuesto, total, cantidad_total, id_cliente, id_estado, id_mediopago, id_envio, id_direccion) values
(1, '2024-06-23 20:23:20', 119.1, 35, 241, 1, 4, 3, 18, 1, 33),
(2, '2024-05-14 08:48:36', 119.6, 22, 243, 1, 14, 2, 11, 1, 10),
(3, '2024-06-28 07:56:06', 104.5, 27, 198, 10, 26, 3, 25, 1, 19),
(4, '2024-05-02 06:42:14', 196.0, 38, 168, 2, 10, 3, 41, 2, 70),
(5, '2024-05-12 18:04:20', 92.0, 24, 136, 1, 3, 1, 17, 2, 38),
(6, '2024-06-21 21:02:27', 123.6, 21, 177, 7, 6, 2, 27, 2, 14),
(7, '2024-06-25 05:27:09', 145.1, 18, 184, 5, 7, 1, 8, 1, 64),
(8, '2024-05-14 05:25:12', 55.1, 22, 99, 10, 14, 2, 34, 2, 88),
(9, '2024-05-24 23:58:13', 115.6, 16, 205, 1, 27, 2, 47, 2, 41),
(10, '2024-05-20 22:19:34', 185.4, 16, 208, 1, 32, 1, 41, 1, 42),
(11, '2024-05-08 19:32:00', 110.4, 11, 213, 3, 12, 1, 47, 2, 98),
(12, '2024-05-27 17:14:34', 69.3, 26, 133, 3, 28, 1, 57, 2, 83),
(13, '2024-06-01 04:47:11', 118.6, 17, 200, 10, 7, 3, 32, 2, 89),
(14, '2024-06-05 08:35:11', 113.7, 31, 186, 7, 29, 3, 38, 1, 9),
(15, '2024-05-12 19:21:21', 175.9, 27, 239, 8, 8, 1, 58, 2, 83),
(16, '2024-05-16 18:54:02', 67.0, 31, 217, 8, 18, 1, 19, 2, 93),
(17, '2024-05-16 02:46:52', 180.4, 27, 118, 10, 11, 3, 55, 2, 79),
(18, '2024-05-24 17:30:26', 105.7, 34, 106, 6, 10, 3, 28, 1, 5),
(19, '2024-05-07 16:04:33', 147.3, 24, 80, 9, 24, 3, 15, 2, 23),
(20, '2024-05-08 17:37:12', 154.2, 31, 232, 9, 23, 1, 34, 2, 8),
(21, '2024-05-08 23:12:53', 115.9, 22, 164, 7, 27, 1, 33, 2, 93),
(22, '2024-06-21 16:43:51', 142.8, 19, 160, 7, 12, 2, 44, 2, 61),
(23, '2024-06-23 19:59:45', 154.7, 14, 134, 7, 10, 3, 13, 2, 80),
(24, '2024-05-03 05:26:50', 190.5, 28, 127, 6, 9, 2, 2, 2, 73),
(25, '2024-05-24 21:34:51', 194.4, 35, 231, 8, 6, 3, 29, 1, 80),
(26, '2024-06-08 02:13:06', 182.8, 23, 143, 7, 28, 1, 47, 1, 93),
(27, '2024-05-28 00:32:47', 78.7, 13, 89, 9, 22, 3, 15, 2, 4),
(28, '2024-05-21 22:15:46', 153.8, 18, 94, 8, 9, 2, 53, 2, 24),
(29, '2024-06-04 02:21:52', 90.5, 35, 123, 3, 10, 2, 17, 2, 13),
(30, '2024-06-21 12:15:56', 55.1, 15, 221, 8, 15, 3, 17, 2, 35),
(31, '2024-06-17 07:19:43', 124.7, 12, 81, 4, 17, 2, 30, 2, 73),
(32, '2024-05-27 16:00:11', 137.6, 34, 242, 5, 22, 1, 23, 2, 84),
(33, '2024-06-15 18:26:52', 91.4, 16, 196, 3, 19, 3, 21, 1, 84),
(34, '2024-06-14 16:56:07', 85.6, 18, 177, 3, 8, 1, 43, 1, 45),
(35, '2024-05-27 15:57:43', 151.0, 32, 177, 5, 26, 1, 44, 1, 39),
(36, '2024-05-24 10:21:17', 126.9, 22, 242, 4, 6, 3, 29, 2, 19),
(37, '2024-05-10 22:57:43', 84.1, 12, 121, 5, 3, 1, 54, 2, 27),
(38, '2024-06-21 09:33:33', 63.8, 11, 111, 5, 7, 1, 13, 2, 25),
(39, '2024-06-19 12:06:04', 114.5, 16, 169, 2, 26, 2, 3, 2, 1),
(40, '2024-05-08 14:41:40', 135.0, 27, 209, 7, 17, 3, 3, 1, 29),
(41, '2024-06-06 06:56:22', 135.6, 24, 229, 6, 25, 1, 60, 1, 25),
(42, '2024-05-13 18:15:41', 113.6, 19, 243, 5, 4, 1, 46, 1, 81),
(43, '2024-06-29 02:44:50', 110.1, 32, 195, 8, 21, 1, 19, 2, 64),
(44, '2024-06-08 15:28:16', 118.7, 37, 244, 2, 10, 2, 18, 2, 41),
(45, '2024-05-14 23:39:39', 148.0, 15, 120, 4, 8, 3, 53, 2, 79),
(46, '2024-05-11 14:13:58', 102.9, 15, 218, 5, 31, 1, 45, 1, 85),
(47, '2024-05-24 15:01:19', 86.0, 26, 213, 2, 31, 3, 52, 1, 98),
(48, '2024-06-23 14:16:55', 134.5, 9, 91, 4, 3, 1, 7, 2, 4),
(49, '2024-06-01 10:24:16', 191.7, 31, 117, 4, 26, 2, 25, 1, 61),
(50, '2024-05-27 11:25:44', 114.0, 10, 244, 9, 8, 3, 23, 1, 87),
(51, '2024-05-16 16:43:09', 194.1, 29, 122, 7, 10, 3, 60, 2, 33),
(52, '2024-05-10 14:28:10', 180.4, 37, 231, 10, 3, 1, 13, 1, 53),
(53, '2024-05-15 09:29:13', 81.9, 20, 91, 2, 16, 3, 37, 1, 61),
(54, '2024-06-03 13:53:28', 96.9, 22, 129, 2, 23, 1, 54, 1, 78),
(55, '2024-06-04 12:49:12', 178.8, 9, 144, 8, 31, 2, 1, 2, 60),
(56, '2024-06-19 11:21:55', 98.2, 22, 241, 8, 22, 1, 5, 2, 68),
(57, '2024-06-02 23:52:09', 73.2, 27, 124, 10, 16, 1, 48, 2, 80),
(58, '2024-06-05 13:34:13', 130.0, 18, 179, 9, 10, 2, 26, 1, 45),
(59, '2024-06-10 18:42:23', 119.7, 17, 105, 2, 22, 2, 18, 2, 78);

-- Insertar datos en la tabla Orden
INSERT INTO DetalleOrden (id, cantidad, precio_total, id_orden, id_producto) values 
(1, 5, 83.5, 38, 41),
(2, 5, 161.9, 52, 8),
(3, 5, 109.4, 45, 50),
(4, 3, 66.0, 41, 2),
(5, 1, 57.1, 26, 44),
(6, 3, 91.3, 25, 29),
(7, 1, 194.7, 4, 4),
(8, 1, 90.8, 47, 5),
(9, 2, 76.5, 36, 26),
(10, 1, 187.8, 49, 3),
(11, 4, 165.2, 23, 3),
(12, 5, 132.7, 27, 31),
(13, 3, 63.7, 54, 46),
(14, 1, 109.0, 24, 22),
(15, 4, 129.7, 52, 3),
(16, 2, 78.6, 34, 48),
(17, 5, 73.1, 36, 2),
(18, 3, 79.5, 10, 34),
(19, 4, 159.8, 36, 50),
(20, 5, 96.5, 26, 47),
(21, 3, 133.6, 11, 3),
(22, 2, 196.3, 21, 25),
(23, 3, 102.4, 53, 16),
(24, 2, 119.6, 4, 46),
(25, 4, 163.1, 39, 25),
(26, 3, 135.0, 32, 50),
(27, 5, 71.4, 25, 32),
(28, 5, 78.7, 27, 2),
(29, 5, 152.5, 55, 4),
(30, 3, 57.2, 27, 45),
(31, 2, 133.1, 22, 6),
(32, 4, 65.9, 3, 23),
(33, 3, 162.5, 59, 38),
(34, 2, 118.1, 23, 36),
(35, 3, 106.1, 16, 26),
(36, 1, 65.3, 7, 42),
(37, 3, 78.6, 6, 49),
(38, 2, 102.8, 21, 14),
(39, 2, 77.1, 24, 6),
(40, 4, 119.0, 2, 30),
(41, 2, 195.7, 22, 3),
(42, 1, 54.4, 41, 40),
(43, 2, 153.5, 5, 10),
(44, 5, 193.4, 4, 47),
(45, 2, 195.2, 32, 34),
(46, 4, 168.2, 20, 7),
(47, 4, 159.4, 20, 27),
(48, 1, 106.1, 47, 30),
(49, 4, 194.5, 35, 3),
(50, 1, 124.5, 52, 16),
(51, 5, 170.1, 59, 4),
(52, 2, 127.2, 58, 48),
(53, 2, 135.5, 4, 11),
(54, 2, 194.1, 34, 10),
(55, 2, 99.7, 2, 30),
(56, 3, 72.4, 44, 50),
(57, 1, 92.0, 21, 43),
(58, 1, 118.8, 54, 47),
(59, 3, 86.4, 29, 10),
(60, 3, 57.0, 48, 4),
(61, 4, 167.1, 51, 26),
(62, 1, 83.2, 44, 11),
(63, 4, 162.6, 33, 6),
(64, 5, 199.7, 43, 13),
(65, 4, 182.8, 8, 49),
(66, 5, 53.4, 43, 10),
(67, 5, 178.6, 1, 17),
(68, 2, 56.8, 47, 25),
(69, 3, 184.2, 50, 17),
(70, 3, 146.1, 21, 2),
(71, 1, 155.8, 20, 12),
(72, 3, 66.1, 8, 4),
(73, 4, 56.9, 31, 15),
(74, 1, 83.5, 34, 28),
(75, 5, 186.3, 10, 14),
(76, 3, 115.3, 1, 15),
(77, 5, 89.4, 37, 41),
(78, 1, 185.0, 55, 26),
(79, 5, 116.5, 45, 11),
(80, 4, 103.2, 39, 3),
(81, 3, 123.1, 29, 50),
(82, 2, 164.0, 52, 26),
(83, 4, 55.1, 18, 21),
(84, 4, 196.7, 17, 38),
(85, 2, 77.8, 1, 12),
(86, 5, 102.2, 55, 44),
(87, 5, 194.6, 32, 28),
(88, 4, 191.9, 13, 3),
(89, 4, 89.5, 17, 6),
(90, 4, 100.5, 12, 18),
(91, 3, 172.6, 5, 1),
(92, 2, 52.3, 56, 7),
(93, 2, 194.1, 3, 28),
(94, 1, 198.0, 21, 2),
(95, 1, 118.3, 53, 21),
(96, 3, 58.3, 5, 23),
(97, 3, 104.5, 9, 43),
(98, 5, 93.4, 53, 38),
(99, 1, 96.5, 57, 28),
(100, 1, 96.2, 4, 23),
(101, 5, 72.5, 28, 7),
(102, 5, 145.3, 47, 24),
(103, 5, 191.4, 2, 44),
(104, 5, 130.3, 27, 44),
(105, 3, 102.5, 6, 8),
(106, 5, 128.6, 27, 2),
(107, 3, 138.2, 18, 37),
(108, 2, 97.1, 24, 42),
(109, 1, 133.4, 48, 6),
(110, 3, 168.9, 51, 50),
(111, 3, 151.5, 57, 33),
(112, 4, 144.3, 46, 36),
(113, 1, 91.6, 50, 23),
(114, 1, 130.0, 6, 10),
(115, 3, 124.9, 48, 33),
(116, 1, 84.3, 2, 29),
(117, 4, 148.2, 2, 40),
(118, 1, 119.6, 23, 6),
(119, 4, 189.3, 13, 14),
(120, 5, 169.1, 32, 29),
(121, 5, 148.5, 30, 7),
(122, 5, 87.5, 40, 1),
(123, 2, 74.9, 25, 15),
(124, 1, 170.0, 20, 2),
(125, 4, 143.8, 33, 7),
(126, 3, 148.0, 34, 43),
(127, 5, 140.5, 8, 40),
(128, 2, 149.3, 57, 26),
(129, 4, 141.3, 41, 43),
(130, 1, 122.7, 27, 50),
(131, 2, 188.2, 15, 43),
(132, 3, 84.8, 12, 14),
(133, 5, 182.2, 57, 24),
(134, 5, 151.5, 52, 32),
(135, 4, 105.7, 29, 9),
(136, 3, 118.0, 28, 15),
(137, 3, 91.9, 41, 19),
(138, 2, 67.7, 17, 47),
(139, 2, 145.4, 1, 21),
(140, 4, 93.1, 8, 50),
(141, 5, 74.9, 7, 7),
(142, 1, 186.5, 52, 18),
(143, 4, 57.5, 3, 10),
(144, 4, 151.6, 5, 18),
(145, 5, 92.1, 3, 28),
(146, 1, 193.1, 17, 37),
(147, 1, 82.7, 4, 24),
(148, 3, 158.9, 56, 44),
(149, 1, 158.8, 30, 3),
(150, 4, 197.5, 2, 3),
(151, 1, 178.0, 42, 4),
(152, 3, 142.5, 38, 43),
(153, 2, 102.1, 4, 16),
(154, 3, 60.7, 43, 42),
(155, 4, 98.1, 38, 5),
(156, 1, 182.6, 49, 18),
(157, 5, 121.1, 55, 50),
(158, 1, 160.4, 34, 25),
(159, 2, 154.1, 30, 17),
(160, 3, 91.8, 31, 3),
(161, 4, 71.2, 5, 3),
(162, 3, 91.9, 32, 18),
(163, 4, 70.1, 52, 3),
(164, 2, 98.0, 20, 29),
(165, 3, 63.2, 8, 6),
(166, 1, 65.3, 40, 1),
(167, 2, 151.4, 4, 38),
(168, 1, 86.0, 45, 27),
(169, 4, 198.7, 20, 37),
(170, 4, 140.4, 24, 41),
(171, 3, 150.9, 7, 18),
(172, 3, 109.2, 31, 1),
(173, 4, 64.7, 19, 48),
(174, 2, 66.7, 33, 15),
(175, 4, 94.1, 56, 27),
(176, 5, 71.5, 14, 39),
(177, 2, 99.3, 15, 20),
(178, 1, 73.2, 50, 6),
(179, 4, 141.3, 26, 4),
(180, 3, 155.2, 16, 24),
(181, 3, 82.0, 16, 11),
(182, 4, 58.1, 32, 9),
(183, 1, 105.0, 57, 41),
(184, 5, 164.6, 28, 49),
(185, 5, 124.2, 52, 1),
(186, 1, 134.7, 9, 4),
(187, 4, 71.9, 11, 36),
(188, 3, 58.7, 50, 20),
(189, 4, 188.1, 18, 12),
(190, 5, 126.6, 21, 13),
(191, 2, 88.1, 7, 22),
(192, 2, 196.1, 25, 35),
(193, 2, 78.4, 40, 29),
(194, 5, 149.0, 51, 47),
(195, 1, 55.3, 20, 10),
(196, 1, 124.8, 3, 29),
(197, 1, 111.5, 12, 5),
(198, 4, 59.7, 45, 34),
(199, 5, 70.8, 35, 15),
(200, 4, 158.4, 40, 11),
(201, 2, 166.2, 34, 22),
(202, 3, 86.2, 37, 28),
(203, 3, 152.7, 56, 13),
(204, 4, 95.7, 17, 45),
(205, 4, 157.4, 14, 44),
(206, 2, 54.8, 11, 42),
(207, 4, 50.8, 31, 18),
(208, 5, 77.1, 15, 10),
(209, 1, 64.3, 1, 38),
(210, 5, 175.7, 55, 30),
(211, 3, 95.7, 39, 14),
(212, 5, 143.9, 9, 17),
(213, 4, 186.5, 18, 1),
(214, 1, 120.6, 53, 25),
(215, 1, 58.6, 21, 39),
(216, 3, 131.7, 7, 21),
(217, 2, 115.8, 28, 1),
(218, 1, 76.8, 51, 33),
(219, 3, 150.2, 7, 32),
(220, 5, 160.3, 59, 11);

INSERT INTO CarritoCompras (id, cantidad, es_para_despues, id_cliente, id_producto) values 
(1, 4, true, 17, 44),
(2, 3, true, 12, 30),
(3, 4, false, 15, 50),
(4, 1, false, 24, 24),
(5, 4, false, 25, 45),
(6, 3, true, 8, 46),
(7, 4, false, 30, 29),
(8, 2, true, 15, 38),
(9, 5, true, 19, 23),
(10, 5, true, 5, 36),
(11, 3, false, 3, 29),
(12, 4, false, 9, 4),
(13, 4, true, 24, 15),
(14, 1, true, 13, 36),
(15, 4, false, 14, 20),
(16, 2, true, 22, 35),
(17, 1, false, 6, 39),
(18, 2, false, 3, 18),
(19, 1, false, 16, 10),
(20, 2, false, 10, 42),
(21, 3, true, 15, 5),
(22, 2, true, 5, 4),
(23, 4, true, 24, 37),
(24, 3, false, 19, 15),
(25, 5, true, 32, 20),
(26, 1, true, 5, 16),
(27, 2, false, 25, 8),
(28, 4, false, 26, 7),
(29, 3, true, 28, 26),
(30, 5, true, 26, 46),
(31, 2, true, 14, 39),
(32, 4, false, 20, 11),
(33, 3, true, 13, 10),
(34, 1, false, 17, 32),
(35, 3, true, 4, 26),
(36, 3, true, 19, 8),
(37, 5, true, 32, 21),
(38, 3, true, 14, 25),
(39, 2, false, 18, 6),
(40, 3, true, 8, 3),
(41, 5, false, 18, 21),
(42, 5, true, 17, 15),
(43, 3, false, 22, 20),
(44, 1, true, 9, 11),
(45, 5, true, 24, 41),
(46, 4, false, 28, 33),
(47, 1, true, 3, 4),
(48, 1, false, 19, 15),
(49, 2, true, 25, 8),
(50, 2, false, 9, 21),
(51, 3, false, 7, 34),
(52, 3, false, 31, 34),
(53, 5, true, 5, 21),
(54, 2, false, 13, 44),
(55, 4, false, 12, 5),
(56, 1, false, 8, 42),
(57, 1, false, 30, 36),
(58, 3, false, 29, 3),
(59, 3, false, 12, 16),
(60, 1, true, 32, 39),
(61, 3, false, 10, 23),
(62, 3, false, 7, 6),
(63, 1, true, 8, 21),
(64, 3, true, 25, 46),
(65, 1, false, 31, 17),
(66, 3, false, 10, 47),
(67, 2, false, 6, 48),
(68, 1, false, 17, 23),
(69, 2, false, 3, 18),
(70, 4, false, 8, 45),
(71, 5, false, 32, 12),
(72, 4, true, 29, 44),
(73, 1, false, 15, 4),
(74, 3, true, 6, 3),
(75, 1, true, 10, 4),
(76, 3, false, 18, 50),
(77, 3, false, 6, 36),
(78, 2, false, 31, 29),
(79, 4, true, 18, 38),
(80, 4, false, 12, 21),
(81, 3, false, 26, 30),
(82, 2, false, 29, 30),
(83, 5, false, 11, 7),
(84, 4, true, 11, 50),
(85, 3, false, 9, 36),
(86, 5, true, 32, 45),
(87, 2, true, 25, 43),
(88, 5, false, 31, 18),
(89, 1, false, 18, 44),
(90, 2, true, 21, 11),
(91, 5, true, 10, 41),
(92, 4, true, 13, 2),
(93, 4, true, 27, 32),
(94, 4, true, 28, 9),
(95, 4, false, 31, 30),
(96, 3, false, 24, 37),
(97, 2, true, 15, 46),
(98, 5, false, 23, 5),
(99, 5, false, 17, 3),
(100, 4, true, 12, 4);